Sample in Buffer,Sample in Window,TRIGGER,net_slot_0_axis_tdata[15:0],net_slot_0_axis_tvalid,net_slot_0_axis_tlast,net_slot_1_axis_tdata[15:0],net_slot_1_axis_tvalid,net_slot_1_axis_tready,net_slot_1_axis_tlast,Interface_(i1:s0)_(axis_broadcaster_0_M01_AXIS)[2:0],T_Channel_(i1:s0)_(axis_broadcaster_0_M01_AXIS)[2:0]
Radix - UNSIGNED,UNSIGNED,UNSIGNED,HEX,HEX,HEX,SIGNED,HEX,HEX,HEX,HEX,HEX
0,0,1,d4ad,1,0,-6,1,1,0,_,_
1,1,0,c313,1,0,-5,1,1,0,Active,Stream Beat
2,2,0,b2dc,1,0,-4,1,1,0,Active,Stream Beat
3,3,0,a464,1,0,-4,1,1,0,Active,Stream Beat
4,4,0,9802,1,0,-3,1,1,0,Active,Stream Beat
5,5,0,8dfa,1,0,-2,1,1,0,Active,Stream Beat
6,6,0,868a,1,0,-1,1,1,0,Active,Stream Beat
7,7,0,81da,1,0,0,1,1,0,Active,Stream Beat
8,8,0,8009,1,0,1,1,1,0,Active,Stream Beat
9,9,0,811d,1,0,2,1,1,0,Active,Stream Beat
10,10,0,8514,1,0,3,1,1,0,Active,Stream Beat
11,11,0,8bd4,1,0,4,1,1,0,Active,Stream Beat
12,12,0,9538,1,0,5,1,1,0,Active,Stream Beat
13,13,0,a107,1,0,5,1,1,0,Active,Stream Beat
14,14,0,aefe,1,0,6,1,1,0,Active,Stream Beat
15,15,0,becc,1,0,6,1,1,0,Active,Stream Beat
16,16,0,d016,1,0,6,1,1,0,Active,Stream Beat
17,17,0,e275,1,0,6,1,1,0,Active,Stream Beat
18,18,0,f580,1,0,6,1,1,0,Active,Stream Beat
19,19,0,08c8,1,0,5,1,1,0,Active,Stream Beat
20,20,0,1bdc,1,0,5,1,1,0,Active,Stream Beat
21,21,0,2e4f,1,0,4,1,1,0,Active,Stream Beat
22,22,0,3fb5,1,0,4,1,1,0,Active,Stream Beat
23,23,0,4fa9,1,0,3,1,1,0,Active,Stream Beat
24,24,0,5dce,1,0,2,1,1,0,Active,Stream Beat
25,25,0,69d2,1,0,1,1,1,0,Active,Stream Beat
26,26,0,736f,1,0,0,1,1,0,Active,Stream Beat
27,27,0,7a6e,1,0,-1,1,1,0,Active,Stream Beat
28,28,0,7ea6,1,0,-2,1,1,0,Active,Stream Beat
29,29,0,7ffe,1,0,-3,1,1,0,Active,Stream Beat
30,30,0,7e6e,1,0,-4,1,1,0,Active,Stream Beat
31,31,0,79ff,1,0,-5,1,1,0,Active,Stream Beat
32,32,0,72cd,1,0,-6,1,1,0,Active,Stream Beat
33,33,0,68ff,1,0,-6,1,1,0,Active,Stream Beat
34,34,0,5cce,1,0,-7,1,1,0,Active,Stream Beat
35,35,0,4.00E+83,1,0,-7,1,1,0,Active,Stream Beat
36,36,0,3.00E+70,1,0,-7,1,1,0,Active,Stream Beat
37,37,0,2cf2,1,0,-7,1,1,0,Active,Stream Beat
38,38,0,1a6f,1,0,-7,1,1,0,Active,Stream Beat
39,39,0,753,1,0,-7,1,1,0,Active,Stream Beat
40,40,0,f40b,1,0,-7,1,1,0,Active,Stream Beat
41,41,0,e109,1,0,-6,1,1,0,Active,Stream Beat
42,42,0,cebc,1,0,-6,1,1,0,Active,Stream Beat
43,43,0,bd8c,1,0,-5,1,1,0,Active,Stream Beat
44,44,0,addf,1,0,-4,1,1,0,Active,Stream Beat
45,45,0,a00f,1,0,-3,1,1,0,Active,Stream Beat
46,46,0,946b,1,0,-2,1,1,0,Active,Stream Beat
47,47,0,8b39,1,0,-1,1,1,0,Active,Stream Beat
48,48,0,84ad,1,0,0,1,1,0,Active,Stream Beat
49,49,0,80ee,1,0,1,1,1,0,Active,Stream Beat
50,50,0,8011,1,0,2,1,1,0,Active,Stream Beat
51,51,0,821b,1,0,3,1,1,0,Active,Stream Beat
52,52,0,8702,1,0,3,1,1,0,Active,Stream Beat
53,53,0,8ea5,1,0,4,1,1,0,Active,Stream Beat
54,54,0,98dd,1,0,5,1,1,0,Active,Stream Beat
55,55,0,a56b,1,0,5,1,1,0,Active,Stream Beat
56,56,0,b408,1,0,6,1,1,0,Active,Stream Beat
57,57,0,c45d,1,0,6,1,1,0,Active,Stream Beat
58,58,0,d60d,1,0,6,1,1,0,Active,Stream Beat
59,59,0,e8b2,1,0,6,1,1,0,Active,Stream Beat
60,60,0,fbdd,1,0,6,1,1,0,Active,Stream Beat
61,61,0,0f20,1,0,5,1,1,0,Active,Stream Beat
62,62,0,220c,1,0,5,1,1,0,Active,Stream Beat
63,63,0,3431,1,0,4,1,1,0,Active,Stream Beat
64,64,0,4528,1,0,3,1,1,0,Active,Stream Beat
65,65,0,548d,1,0,3,1,1,0,Active,Stream Beat
66,66,0,6206,1,0,2,1,1,0,Active,Stream Beat
67,67,0,6d46,1,0,1,1,1,0,Active,Stream Beat
68,68,0,760c,1,0,0,1,1,0,Active,Stream Beat
69,69,0,7c23,1,0,-1,1,1,0,Active,Stream Beat
70,70,0,7f69,1,0,-2,1,1,0,Active,Stream Beat
71,71,0,7fcb,1,0,-3,1,1,0,Active,Stream Beat
72,72,0,7d47,1,0,-4,1,1,0,Active,Stream Beat
73,73,0,77eb,1,0,-5,1,1,0,Active,Stream Beat
74,74,0,6fd6,1,0,-6,1,1,0,Active,Stream Beat
75,75,0,6537,1,0,-6,1,1,0,Active,Stream Beat
76,76,0,584e,1,0,-7,1,1,0,Active,Stream Beat
77,77,0,4962,1,0,-7,1,1,0,Active,Stream Beat
78,78,0,38cc,1,0,-7,1,1,0,Active,Stream Beat
79,79,0,26ec,1,0,-7,1,1,0,Active,Stream Beat
80,80,0,142b,1,0,-7,1,1,0,Active,Stream Beat
81,81,0,00f3,1,0,-7,1,1,0,Active,Stream Beat
82,82,0,edb6,1,0,-7,1,1,0,Active,Stream Beat
83,83,0,dae5,1,0,-6,1,1,0,Active,Stream Beat
84,84,0,c8ea,1,0,-5,1,1,0,Active,Stream Beat
85,85,0,b82f,1,0,-5,1,1,0,Active,Stream Beat
86,86,0,a915,1,0,-4,1,1,0,Active,Stream Beat
87,87,0,9bf5,1,0,-3,1,1,0,Active,Stream Beat
88,88,0,9119,1,0,-2,1,1,0,Active,Stream Beat
89,89,0,88c2,1,0,-1,1,1,0,Active,Stream Beat
90,90,0,8320,1,0,0,1,1,0,Active,Stream Beat
91,91,0,8053,1,0,1,1,1,0,Active,Stream Beat
92,92,0,806c,1,0,2,1,1,0,Active,Stream Beat
93,93,0,836a,1,0,3,1,1,0,Active,Stream Beat
94,94,0,893b,1,0,4,1,1,0,Active,Stream Beat
95,95,0,91bf,1,0,4,1,1,0,Active,Stream Beat
96,96,0,9cc3,1,0,5,1,1,0,Active,Stream Beat
97,97,0,aa08,1,0,5,1,1,0,Active,Stream Beat
98,98,0,b941,1,0,6,1,1,0,Active,Stream Beat
99,99,0,ca13,1,0,6,1,1,0,Active,Stream Beat
100,100,0,dc20,1,0,6,1,1,0,Active,Stream Beat
101,101,0,eefd,1,0,6,1,1,0,Active,Stream Beat
102,102,0,023d,1,0,5,1,1,0,Active,Stream Beat
103,103,0,156f,1,0,5,1,1,0,Active,Stream Beat
104,104,0,2825,1,0,4,1,1,0,Active,Stream Beat
105,105,0,39f2,1,0,4,1,1,0,Active,Stream Beat
106,106,0,4a6f,1,0,3,1,1,0,Active,Stream Beat
107,107,0,593b,1,0,2,1,1,0,Active,Stream Beat
108,108,0,6600,1,0,1,1,1,0,Active,Stream Beat
109,109,0,7075,1,0,0,1,1,0,Active,Stream Beat
110,110,0,785c,1,0,-1,1,1,0,Active,Stream Beat
111,111,0,7d89,1,0,-2,1,1,0,Active,Stream Beat
112,112,0,7fdd,1,0,-3,1,1,0,Active,Stream Beat
113,113,0,7f49,1,0,-4,1,1,0,Active,Stream Beat
114,114,0,7bd2,1,0,-4,1,1,0,Active,Stream Beat
115,115,0,758b,1,0,-5,1,1,0,Active,Stream Beat
116,116,0,6c99,1,0,-6,1,1,0,Active,Stream Beat
117,117,0,6131,1,0,-7,1,1,0,Active,Stream Beat
118,118,0,5395,1,0,-7,1,1,0,Active,Stream Beat
119,119,0,4412,1,0,-7,1,1,0,Active,Stream Beat
120,120,0,3304,1,0,-7,1,1,0,Active,Stream Beat
121,121,0,20ce,1,0,-7,1,1,0,Active,Stream Beat
122,122,0,0dda,1,0,-7,1,1,0,Active,Stream Beat
123,123,0,fa94,1,0,-7,1,1,0,Active,Stream Beat
124,124,0,e76e,1,0,-6,1,1,0,Active,Stream Beat
125,125,0,d4d7,1,0,-6,1,1,0,Active,Stream Beat
126,126,0,c33a,1,0,-5,1,1,0,Active,Stream Beat
127,127,0,b2ff,1,0,-4,1,1,0,Active,Stream Beat
128,128,0,a484,1,0,-4,1,1,0,Active,Stream Beat
129,129,0,981b,1,0,-3,1,1,0,Active,Stream Beat
130,130,0,8e0e,1,0,-2,1,1,0,Active,Stream Beat
131,131,0,8698,1,0,-1,1,1,0,Active,Stream Beat
132,132,0,8.10E+03,1,0,0,1,1,0,Active,Stream Beat
133,133,0,8009,1,0,1,1,1,0,Active,Stream Beat
134,134,0,8117,1,0,2,1,1,0,Active,Stream Beat
135,135,0,8508,1,0,3,1,1,0,Active,Stream Beat
136,136,0,8bc1,1,0,4,1,1,0,Active,Stream Beat
137,137,0,951f,1,0,5,1,1,0,Active,Stream Beat
138,138,0,a0e9,1,0,5,1,1,0,Active,Stream Beat
139,139,0,aedc,1,0,5,1,1,0,Active,Stream Beat
140,140,0,bea6,1,0,6,1,1,0,Active,Stream Beat
141,141,0,cfed,1,0,6,1,1,0,Active,Stream Beat
142,142,0,e249,1,0,6,1,1,0,Active,Stream Beat
143,143,0,f553,1,0,6,1,1,0,Active,Stream Beat
144,144,0,089b,1,0,5,1,1,0,Active,Stream Beat
145,145,0,1bb1,1,0,5,1,1,0,Active,Stream Beat
146,146,0,2.00E+25,1,0,4,1,1,0,Active,Stream Beat
147,147,0,3f8e,1,0,4,1,1,0,Active,Stream Beat
148,148,0,4f86,1,0,3,1,1,0,Active,Stream Beat
149,149,0,5db0,1,0,2,1,1,0,Active,Stream Beat
150,150,0,69b9,1,0,1,1,1,0,Active,Stream Beat
151,151,0,735d,1,0,0,1,1,0,Active,Stream Beat
152,152,0,7a61,1,0,-1,1,1,0,Active,Stream Beat
153,153,0,7ea0,1,0,-2,1,1,0,Active,Stream Beat
154,154,0,7ffe,1,0,-3,1,1,0,Active,Stream Beat
155,155,0,7.00E+75,1,0,-4,1,1,0,Active,Stream Beat
156,156,0,7a0d,1,0,-5,1,1,0,Active,Stream Beat
157,157,0,7.20E+01,1,0,-5,1,1,0,Active,Stream Beat
158,158,0,6918,1,0,-6,1,1,0,Active,Stream Beat
159,159,0,5ced,1,0,-7,1,1,0,Active,Stream Beat
160,160,0,4ea6,1,0,-7,1,1,0,Active,Stream Beat
161,161,0,3.00E+97,1,0,-7,1,1,0,Active,Stream Beat
162,162,0,2d1b,1,0,-7,1,1,0,Active,Stream Beat
163,163,0,1a9a,1,0,-7,1,1,0,Active,Stream Beat
164,164,0,077f,1,0,-7,1,1,0,Active,Stream Beat
165,165,0,f437,1,0,-7,1,1,0,Active,Stream Beat
166,166,0,e135,1,0,-6,1,1,0,Active,Stream Beat
167,167,0,cee5,1,0,-6,1,1,0,Active,Stream Beat
168,168,0,bdb3,1,0,-5,1,1,0,Active,Stream Beat
169,169,0,ae01,1,0,-4,1,1,0,Active,Stream Beat
170,170,0,a02c,1,0,-3,1,1,0,Active,Stream Beat
171,171,0,9483,1,0,-2,1,1,0,Active,Stream Beat
172,172,0,8b4b,1,0,-1,1,1,0,Active,Stream Beat
173,173,0,84b9,1,0,0,1,1,0,Active,Stream Beat
174,174,0,80f3,1,0,1,1,1,0,Active,Stream Beat
175,175,0,8010,1,0,2,1,1,0,Active,Stream Beat
176,176,0,8213,1,0,3,1,1,0,Active,Stream Beat
177,177,0,86f3,1,0,3,1,1,0,Active,Stream Beat
178,178,0,8.00E+91,1,0,4,1,1,0,Active,Stream Beat
179,179,0,98c3,1,0,5,1,1,0,Active,Stream Beat
180,180,0,a54b,1,0,5,1,1,0,Active,Stream Beat
181,181,0,b3e4,1,0,6,1,1,0,Active,Stream Beat
182,182,0,c435,1,0,6,1,1,0,Active,Stream Beat
183,183,0,d5e3,1,0,6,1,1,0,Active,Stream Beat
184,184,0,e885,1,0,6,1,1,0,Active,Stream Beat
185,185,0,fbb0,1,0,6,1,1,0,Active,Stream Beat
186,186,0,0ef4,1,0,5,1,1,0,Active,Stream Beat
187,187,0,2.10E+02,1,0,5,1,1,0,Active,Stream Beat
188,188,0,3408,1,0,4,1,1,0,Active,Stream Beat
189,189,0,4502,1,0,3,1,1,0,Active,Stream Beat
190,190,0,546c,1,0,2,1,1,0,Active,Stream Beat
191,191,0,6.10E+10,1,0,2,1,1,0,Active,Stream Beat
192,192,0,6d2f,1,0,1,1,1,0,Active,Stream Beat
193,193,0,75fa,1,0,0,1,1,0,Active,Stream Beat
194,194,0,7c18,1,0,-1,1,1,0,Active,Stream Beat
195,195,0,7f65,1,0,-2,1,1,0,Active,Stream Beat
196,196,0,7fce,1,0,-3,1,1,0,Active,Stream Beat
197,197,0,7d50,1,0,-4,1,1,0,Active,Stream Beat
198,198,0,77fa,1,0,-5,1,1,0,Active,Stream Beat
199,199,0,6fec,1,0,-6,1,1,0,Active,Stream Beat
200,200,0,6553,1,0,-6,1,1,0,Active,Stream Beat
201,201,0,586e,1,0,-7,1,1,0,Active,Stream Beat
202,202,0,4987,1,0,-7,1,1,0,Active,Stream Beat
203,203,0,38f4,1,0,-7,1,1,0,Active,Stream Beat
204,204,0,2717,1,0,-7,1,1,0,Active,Stream Beat
205,205,0,1457,1,0,-7,1,1,0,Active,Stream Beat
206,206,0,120,1,0,-7,1,1,0,Active,Stream Beat
207,207,0,ede3,1,0,-7,1,1,0,Active,Stream Beat
208,208,0,db10,1,0,-6,1,1,0,Active,Stream Beat
209,209,0,c912,1,0,-5,1,1,0,Active,Stream Beat
210,210,0,b854,1,0,-5,1,1,0,Active,Stream Beat
211,211,0,a936,1,0,-4,1,1,0,Active,Stream Beat
212,212,0,9c11,1,0,-3,1,1,0,Active,Stream Beat
213,213,0,912f,1,0,-2,1,1,0,Active,Stream Beat
214,214,0,88d3,1,0,-1,1,1,0,Active,Stream Beat
215,215,0,832a,1,0,0,1,1,0,Active,Stream Beat
216,216,0,8056,1,0,1,1,1,0,Active,Stream Beat
217,217,0,8068,1,0,2,1,1,0,Active,Stream Beat
218,218,0,835f,1,0,3,1,1,0,Active,Stream Beat
219,219,0,892b,1,0,4,1,1,0,Active,Stream Beat
220,220,0,91a8,1,0,4,1,1,0,Active,Stream Beat
221,221,0,9ca7,1,0,5,1,1,0,Active,Stream Beat
222,222,0,a9e7,1,0,5,1,1,0,Active,Stream Beat
223,223,0,b91b,1,0,6,1,1,0,Active,Stream Beat
224,224,0,c9eb,1,0,6,1,1,0,Active,Stream Beat
225,225,0,dbf5,1,0,6,1,1,0,Active,Stream Beat
226,226,0,eed0,1,0,6,1,1,0,Active,Stream Beat
227,227,0,210,1,0,6,1,1,0,Active,Stream Beat
228,228,0,1543,1,0,5,1,1,0,Active,Stream Beat
229,229,0,27fb,1,0,5,1,1,0,Active,Stream Beat
230,230,0,39cb,1,0,4,1,1,0,Active,Stream Beat
231,231,0,4a4a,1,0,3,1,1,0,Active,Stream Beat
232,232,0,591b,1,0,2,1,1,0,Active,Stream Beat
233,233,0,6.50E+06,1,0,1,1,1,0,Active,Stream Beat
234,234,0,7060,1,0,0,1,1,0,Active,Stream Beat
235,235,0,784d,1,0,-1,1,1,0,Active,Stream Beat
236,236,0,7d81,1,0,-2,1,1,0,Active,Stream Beat
237,237,0,7fda,1,0,-3,1,1,0,Active,Stream Beat
238,238,0,7f4d,1,0,-4,1,1,0,Active,Stream Beat
239,239,0,7bdd,1,0,-4,1,1,0,Active,Stream Beat
240,240,0,759d,1,0,-5,1,1,0,Active,Stream Beat
241,241,0,6cb1,1,0,-6,1,1,0,Active,Stream Beat
242,242,0,614e,1,0,-6,1,1,0,Active,Stream Beat
243,243,0,53b6,1,0,-7,1,1,0,Active,Stream Beat
244,244,0,4438,1,0,-7,1,1,0,Active,Stream Beat
245,245,0,332d,1,0,-7,1,1,0,Active,Stream Beat
246,246,0,20fa,1,0,-7,1,1,0,Active,Stream Beat
247,247,0,0.00E+00,1,0,-7,1,1,0,Active,Stream Beat
248,248,0,fac0,1,0,-7,1,1,0,Active,Stream Beat
249,249,0,e79a,1,0,-6,1,1,0,Active,Stream Beat
250,250,0,d501,1,0,-6,1,1,0,Active,Stream Beat
251,251,0,c362,1,0,-5,1,1,0,Active,Stream Beat
252,252,0,b323,1,0,-4,1,1,0,Active,Stream Beat
253,253,0,a4a3,1,0,-4,1,1,0,Active,Stream Beat
254,254,0,9835,1,0,-3,1,1,0,Active,Stream Beat
255,255,0,8.00E+22,1,0,-2,1,1,0,Active,Stream Beat
256,256,0,86a5,1,0,-1,1,1,0,Active,Stream Beat
257,257,0,8.10E+10,1,0,0,1,1,0,Active,Stream Beat
258,258,0,800a,1,0,1,1,1,0,Active,Stream Beat
259,259,0,8111,1,0,2,1,1,0,Active,Stream Beat
260,260,0,84fb,1,0,3,1,1,0,Active,Stream Beat
261,261,0,8baf,1,0,4,1,1,0,Active,Stream Beat
262,262,0,9506,1,0,5,1,1,0,Active,Stream Beat
263,263,0,a0cb,1,0,5,1,1,0,Active,Stream Beat
264,264,0,aeba,1,0,5,1,1,0,Active,Stream Beat
265,265,0,be80,1,0,6,1,1,0,Active,Stream Beat
266,266,0,cfc3,1,0,6,1,1,0,Active,Stream Beat
267,267,0,e21e,1,0,6,1,1,0,Active,Stream Beat
268,268,0,f527,1,0,6,1,1,0,Active,Stream Beat
269,269,0,086f,1,0,5,1,1,0,Active,Stream Beat
270,270,0,1b85,1,0,5,1,1,0,Active,Stream Beat
271,271,0,2dfb,1,0,4,1,1,0,Active,Stream Beat
272,272,0,3f68,1,0,4,1,1,0,Active,Stream Beat
273,273,0,4f63,1,0,3,1,1,0,Active,Stream Beat
274,274,0,5d91,1,0,2,1,1,0,Active,Stream Beat
275,275,0,69a0,1,0,1,1,1,0,Active,Stream Beat
276,276,0,7349,1,0,0,1,1,0,Active,Stream Beat
277,277,0,7a54,1,0,-1,1,1,0,Active,Stream Beat
278,278,0,7.00E+99,1,0,-2,1,1,0,Active,Stream Beat
279,279,0,7ffe,1,0,-3,1,1,0,Active,Stream Beat
280,280,0,7e7c,1,0,-4,1,1,0,Active,Stream Beat
281,281,0,7a1a,1,0,-5,1,1,0,Active,Stream Beat
282,282,0,72f4,1,0,-5,1,1,0,Active,Stream Beat
283,283,0,6931,1,0,-6,1,1,0,Active,Stream Beat
284,284,0,5d0b,1,0,-7,1,1,0,Active,Stream Beat
285,285,0,4ec9,1,0,-7,1,1,0,Active,Stream Beat
286,286,0,3ebe,1,0,-7,1,1,0,Active,Stream Beat
287,287,0,2d45,1,0,-7,1,1,0,Active,Stream Beat
288,288,0,1ac6,1,0,-7,1,1,0,Active,Stream Beat
289,289,0,07ac,1,0,-7,1,1,0,Active,Stream Beat
290,290,0,f465,1,0,-7,1,1,0,Active,Stream Beat
291,291,0,e161,1,0,-6,1,1,0,Active,Stream Beat
292,292,0,cf0e,1,0,-6,1,1,0,Active,Stream Beat
293,293,0,bdd9,1,0,-5,1,1,0,Active,Stream Beat
294,294,0,ae23,1,0,-4,1,1,0,Active,Stream Beat
295,295,0,a049,1,0,-3,1,1,0,Active,Stream Beat
296,296,0,949b,1,0,-2,1,1,0,Active,Stream Beat
297,297,0,8b5e,1,0,-1,1,1,0,Active,Stream Beat
298,298,0,84c5,1,0,0,1,1,0,Active,Stream Beat
299,299,0,80fa,1,0,1,1,1,0,Active,Stream Beat
300,300,0,800f,1,0,2,1,1,0,Active,Stream Beat
301,301,0,820b,1,0,3,1,1,0,Active,Stream Beat
302,302,0,8.60E+05,1,0,3,1,1,0,Active,Stream Beat
303,303,0,8e7c,1,0,4,1,1,0,Active,Stream Beat
304,304,0,98a8,1,0,5,1,1,0,Active,Stream Beat
305,305,0,a52c,1,0,5,1,1,0,Active,Stream Beat
306,306,0,b3bf,1,0,6,1,1,0,Active,Stream Beat
307,307,0,c40e,1,0,6,1,1,0,Active,Stream Beat
308,308,0,d5b9,1,0,6,1,1,0,Active,Stream Beat
309,309,0,e859,1,0,6,1,1,0,Active,Stream Beat
310,310,0,fb83,1,0,6,1,1,0,Active,Stream Beat
311,311,0,0ec7,1,0,5,1,1,0,Active,Stream Beat
312,312,0,21b6,1,0,5,1,1,0,Active,Stream Beat
313,313,0,3.30E+01,1,0,4,1,1,0,Active,Stream Beat
314,314,0,44dd,1,0,3,1,1,0,Active,Stream Beat
315,315,0,544a,1,0,3,1,1,0,Active,Stream Beat
316,316,0,61cd,1,0,2,1,1,0,Active,Stream Beat
317,317,0,6d18,1,0,1,1,1,0,Active,Stream Beat
318,318,0,7.50E+10,1,0,0,1,1,0,Active,Stream Beat
319,319,0,7c0d,1,0,-1,1,1,0,Active,Stream Beat
320,320,0,7f61,1,0,-2,1,1,0,Active,Stream Beat
321,321,0,7fd1,1,0,-3,1,1,0,Active,Stream Beat
322,322,0,7d59,1,0,-4,1,1,0,Active,Stream Beat
323,323,0,780a,1,0,-5,1,1,0,Active,Stream Beat
324,324,0,7002,1,0,-6,1,1,0,Active,Stream Beat
325,325,0,656f,1,0,-6,1,1,0,Active,Stream Beat
326,326,0,588e,1,0,-7,1,1,0,Active,Stream Beat
327,327,0,49ab,1,0,-7,1,1,0,Active,Stream Beat
328,328,0,391c,1,0,-7,1,1,0,Active,Stream Beat
329,329,0,2741,1,0,-7,1,1,0,Active,Stream Beat
330,330,0,1483,1,0,-7,1,1,0,Active,Stream Beat
331,331,0,014d,1,0,-7,1,1,0,Active,Stream Beat
332,332,0,ee0f,1,0,-7,1,1,0,Active,Stream Beat
333,333,0,db3a,1,0,-6,1,1,0,Active,Stream Beat
334,334,0,c93a,1,0,-5,1,1,0,Active,Stream Beat
335,335,0,b879,1,0,-5,1,1,0,Active,Stream Beat
336,336,0,a957,1,0,-4,1,1,0,Active,Stream Beat
337,337,0,9c2d,1,0,-3,1,1,0,Active,Stream Beat
338,338,0,9147,1,0,-2,1,1,0,Active,Stream Beat
339,339,0,8.80E+04,1,0,-1,1,1,0,Active,Stream Beat
340,340,0,8334,1,0,0,1,1,0,Active,Stream Beat
341,341,0,8059,1,0,1,1,1,0,Active,Stream Beat
342,342,0,8065,1,0,2,1,1,0,Active,Stream Beat
343,343,0,8355,1,0,3,1,1,0,Active,Stream Beat
344,344,0,891a,1,0,4,1,1,0,Active,Stream Beat
345,345,0,9192,1,0,4,1,1,0,Active,Stream Beat
346,346,0,9c8b,1,0,5,1,1,0,Active,Stream Beat
347,347,0,a9c6,1,0,5,1,1,0,Active,Stream Beat
348,348,0,b8f6,1,0,6,1,1,0,Active,Stream Beat
349,349,0,c9c2,1,0,6,1,1,0,Active,Stream Beat
350,350,0,dbca,1,0,6,1,1,0,Active,Stream Beat
351,351,0,eea5,1,0,6,1,1,0,Active,Stream Beat
352,352,0,1.00E+03,1,0,5,1,1,0,Active,Stream Beat
353,353,0,1517,1,0,5,1,1,0,Active,Stream Beat
354,354,0,27d0,1,0,5,1,1,0,Active,Stream Beat
355,355,0,39a3,1,0,4,1,1,0,Active,Stream Beat
356,356,0,4a26,1,0,3,1,1,0,Active,Stream Beat
357,357,0,58fa,1,0,2,1,1,0,Active,Stream Beat
358,358,0,65ca,1,0,1,1,1,0,Active,Stream Beat
359,359,0,704a,1,0,0,1,1,0,Active,Stream Beat
360,360,0,783e,1,0,-1,1,1,0,Active,Stream Beat
361,361,0,7d78,1,0,-2,1,1,0,Active,Stream Beat
362,362,0,7fd8,1,0,-3,1,1,0,Active,Stream Beat
363,363,0,7f52,1,0,-4,1,1,0,Active,Stream Beat
364,364,0,7be8,1,0,-4,1,1,0,Active,Stream Beat
365,365,0,75ae,1,0,-5,1,1,0,Active,Stream Beat
366,366,0,6cc9,1,0,-6,1,1,0,Active,Stream Beat
367,367,0,616c,1,0,-6,1,1,0,Active,Stream Beat
368,368,0,53d8,1,0,-7,1,1,0,Active,Stream Beat
369,369,0,445e,1,0,-7,1,1,0,Active,Stream Beat
370,370,0,3356,1,0,-7,1,1,0,Active,Stream Beat
371,371,0,2125,1,0,-7,1,1,0,Active,Stream Beat
372,372,0,0.00E+00,1,0,-7,1,1,0,Active,Stream Beat
373,373,0,faee,1,0,-7,1,1,0,Active,Stream Beat
374,374,0,e7c6,1,0,-6,1,1,0,Active,Stream Beat
375,375,0,d52c,1,0,-6,1,1,0,Active,Stream Beat
376,376,0,c38a,1,0,-5,1,1,0,Active,Stream Beat
377,377,0,b347,1,0,-4,1,1,0,Active,Stream Beat
378,378,0,a4c2,1,0,-4,1,1,0,Active,Stream Beat
379,379,0,9850,1,0,-3,1,1,0,Active,Stream Beat
380,380,0,8.00E+38,1,0,-2,1,1,0,Active,Stream Beat
381,381,0,86b3,1,0,-1,1,1,0,Active,Stream Beat
382,382,0,81f1,1,0,0,1,1,0,Active,Stream Beat
383,383,0,800b,1,0,1,1,1,0,Active,Stream Beat
384,384,0,810c,1,0,2,1,1,0,Active,Stream Beat
385,385,0,84ef,1,0,3,1,1,0,Active,Stream Beat
386,386,0,8b9c,1,0,4,1,1,0,Active,Stream Beat
387,387,0,94ed,1,0,5,1,1,0,Active,Stream Beat
388,388,0,a0ad,1,0,5,1,1,0,Active,Stream Beat
389,389,0,ae97,1,0,5,1,1,0,Active,Stream Beat
390,390,0,be59,1,0,6,1,1,0,Active,Stream Beat
391,391,0,cf99,1,0,6,1,1,0,Active,Stream Beat
392,392,0,e1f3,1,0,6,1,1,0,Active,Stream Beat
393,393,0,f4fa,1,0,6,1,1,0,Active,Stream Beat
394,394,0,842,1,0,5,1,1,0,Active,Stream Beat
395,395,0,1b59,1,0,5,1,1,0,Active,Stream Beat
396,396,0,2dd2,1,0,4,1,1,0,Active,Stream Beat
397,397,0,3f41,1,0,4,1,1,0,Active,Stream Beat
398,398,0,4f40,1,0,3,1,1,0,Active,Stream Beat
399,399,0,5d72,1,0,2,1,1,0,Active,Stream Beat
400,400,0,6987,1,0,1,1,1,0,Active,Stream Beat
401,401,0,7336,1,0,0,1,1,0,Active,Stream Beat
402,402,0,7a47,1,0,-1,1,1,0,Active,Stream Beat
403,403,0,7.00E+92,1,0,-2,1,1,0,Active,Stream Beat
404,404,0,7ffe,1,0,-3,1,1,0,Active,Stream Beat
405,405,0,7.00E+82,1,0,-4,1,1,0,Active,Stream Beat
406,406,0,7a27,1,0,-5,1,1,0,Active,Stream Beat
407,407,0,7307,1,0,-5,1,1,0,Active,Stream Beat
408,408,0,694b,1,0,-6,1,1,0,Active,Stream Beat
409,409,0,5d2a,1,0,-7,1,1,0,Active,Stream Beat
410,410,0,4eed,1,0,-7,1,1,0,Active,Stream Beat
411,411,0,3ee5,1,0,-7,1,1,0,Active,Stream Beat
412,412,0,2d70,1,0,-7,1,1,0,Active,Stream Beat
413,413,0,1af3,1,0,-7,1,1,0,Active,Stream Beat
414,414,0,07d8,1,0,-7,1,1,0,Active,Stream Beat
415,415,0,f491,1,0,-7,1,1,0,Active,Stream Beat
416,416,0,e18c,1,0,-6,1,1,0,Active,Stream Beat
417,417,0,cf37,1,0,-6,1,1,0,Active,Stream Beat
418,418,0,bdff,1,0,-5,1,1,0,Active,Stream Beat
419,419,0,ae46,1,0,-4,1,1,0,Active,Stream Beat
420,420,0,a067,1,0,-3,1,1,0,Active,Stream Beat
421,421,0,94b4,1,0,-2,1,1,0,Active,Stream Beat
422,422,0,8b71,1,0,-1,1,1,0,Active,Stream Beat
423,423,0,84d1,1,0,0,1,1,0,Active,Stream Beat
424,424,0,80ff,1,0,1,1,1,0,Active,Stream Beat
425,425,0,800d,1,0,2,1,1,0,Active,Stream Beat
426,426,0,8204,1,0,3,1,1,0,Active,Stream Beat
427,427,0,86d6,1,0,3,1,1,0,Active,Stream Beat
428,428,0,8.00E+68,1,0,4,1,1,0,Active,Stream Beat
429,429,0,988d,1,0,5,1,1,0,Active,Stream Beat
430,430,0,a50d,1,0,5,1,1,0,Active,Stream Beat
431,431,0,b39c,1,0,6,1,1,0,Active,Stream Beat
432,432,0,c3e7,1,0,6,1,1,0,Active,Stream Beat
433,433,0,d58f,1,0,6,1,1,0,Active,Stream Beat
434,434,0,e82d,1,0,6,1,1,0,Active,Stream Beat
435,435,0,fb56,1,0,6,1,1,0,Active,Stream Beat
436,436,0,0e9a,1,0,5,1,1,0,Active,Stream Beat
437,437,0,218a,1,0,5,1,1,0,Active,Stream Beat
438,438,0,33b7,1,0,4,1,1,0,Active,Stream Beat
439,439,0,44b7,1,0,3,1,1,0,Active,Stream Beat
440,440,0,5428,1,0,3,1,1,0,Active,Stream Beat
441,441,0,61b0,1,0,2,1,1,0,Active,Stream Beat
442,442,0,6d00,1,0,1,1,1,0,Active,Stream Beat
443,443,0,75d8,1,0,0,1,1,0,Active,Stream Beat
444,444,0,7c02,1,0,-1,1,1,0,Active,Stream Beat
445,445,0,7f5c,1,0,-2,1,1,0,Active,Stream Beat
446,446,0,7fd3,1,0,-3,1,1,0,Active,Stream Beat
447,447,0,7d63,1,0,-4,1,1,0,Active,Stream Beat
448,448,0,781a,1,0,-5,1,1,0,Active,Stream Beat
449,449,0,7017,1,0,-6,1,1,0,Active,Stream Beat
450,450,0,658a,1,0,-6,1,1,0,Active,Stream Beat
451,451,0,58ae,1,0,-7,1,1,0,Active,Stream Beat
452,452,0,49d0,1,0,-7,1,1,0,Active,Stream Beat
453,453,0,3944,1,0,-7,1,1,0,Active,Stream Beat
454,454,0,276c,1,0,-7,1,1,0,Active,Stream Beat
455,455,0,14af,1,0,-7,1,1,0,Active,Stream Beat
456,456,0,017a,1,0,-7,1,1,0,Active,Stream Beat
457,457,0,ee3c,1,0,-7,1,1,0,Active,Stream Beat
458,458,0,db65,1,0,-6,1,1,0,Active,Stream Beat
459,459,0,c963,1,0,-5,1,1,0,Active,Stream Beat
460,460,0,b89e,1,0,-5,1,1,0,Active,Stream Beat
461,461,0,a978,1,0,-4,1,1,0,Active,Stream Beat
462,462,0,9c49,1,0,-3,1,1,0,Active,Stream Beat
463,463,0,915d,1,0,-2,1,1,0,Active,Stream Beat
464,464,0,88f4,1,0,-1,1,1,0,Active,Stream Beat
465,465,0,833e,1,0,0,1,1,0,Active,Stream Beat
466,466,0,805d,1,0,1,1,1,0,Active,Stream Beat
467,467,0,8062,1,0,2,1,1,0,Active,Stream Beat
468,468,0,834b,1,0,3,1,1,0,Active,Stream Beat
469,469,0,890a,1,0,4,1,1,0,Active,Stream Beat
470,470,0,917b,1,0,4,1,1,0,Active,Stream Beat
471,471,0,9c6f,1,0,5,1,1,0,Active,Stream Beat
472,472,0,a9a5,1,0,5,1,1,0,Active,Stream Beat
473,473,0,b8d0,1,0,6,1,1,0,Active,Stream Beat
474,474,0,c99a,1,0,6,1,1,0,Active,Stream Beat
475,475,0,db9f,1,0,6,1,1,0,Active,Stream Beat
476,476,0,ee78,1,0,6,1,1,0,Active,Stream Beat
477,477,0,01b6,1,0,5,1,1,0,Active,Stream Beat
478,478,0,14eb,1,0,5,1,1,0,Active,Stream Beat
479,479,0,27a6,1,0,4,1,1,0,Active,Stream Beat
480,480,0,397a,1,0,4,1,1,0,Active,Stream Beat
481,481,0,4a01,1,0,3,1,1,0,Active,Stream Beat
482,482,0,58da,1,0,2,1,1,0,Active,Stream Beat
483,483,0,65af,1,0,1,1,1,0,Active,Stream Beat
484,484,0,7034,1,0,0,1,1,0,Active,Stream Beat
485,485,0,782f,1,0,-1,1,1,0,Active,Stream Beat
486,486,0,7d6f,1,0,-2,1,1,0,Active,Stream Beat
487,487,0,7fd6,1,0,-3,1,1,0,Active,Stream Beat
488,488,0,7f56,1,0,-4,1,1,0,Active,Stream Beat
489,489,0,7bf3,1,0,-4,1,1,0,Active,Stream Beat
490,490,0,75bf,1,0,-5,1,1,0,Active,Stream Beat
491,491,0,6ce0,1,0,-6,1,1,0,Active,Stream Beat
492,492,0,6188,1,0,-6,1,1,0,Active,Stream Beat
493,493,0,53fa,1,0,-7,1,1,0,Active,Stream Beat
494,494,0,4483,1,0,-7,1,1,0,Active,Stream Beat
495,495,0,337f,1,0,-7,1,1,0,Active,Stream Beat
496,496,0,2150,1,0,-7,1,1,0,Active,Stream Beat
497,497,0,0e5e,1,0,-7,1,1,0,Active,Stream Beat
498,498,0,fb1a,1,0,-7,1,1,0,Active,Stream Beat
499,499,0,e7f2,1,0,-6,1,1,0,Active,Stream Beat
500,500,0,d556,1,0,-6,1,1,0,Active,Stream Beat
501,501,0,c3b2,1,0,-5,1,1,0,Active,Stream Beat
502,502,0,b36b,1,0,-4,1,1,0,Active,Stream Beat
503,503,0,a4e2,1,0,-4,1,1,0,Active,Stream Beat
504,504,0,986a,1,0,-3,1,1,0,Active,Stream Beat
505,505,0,8e4c,1,0,-2,1,1,0,Active,Stream Beat
506,506,0,86c3,1,0,-1,1,1,0,Active,Stream Beat
507,507,0,81f9,1,0,0,1,1,0,Active,Stream Beat
508,508,0,800c,1,0,1,1,1,0,Active,Stream Beat
509,509,0,8106,1,0,2,1,1,0,Active,Stream Beat
510,510,0,8.40E+03,1,0,3,1,1,0,Active,Stream Beat
511,511,0,8b89,1,0,4,1,1,0,Active,Stream Beat
512,512,0,94d5,1,0,5,1,1,0,Active,Stream Beat
513,513,0,a090,1,0,5,1,1,0,Active,Stream Beat
514,514,0,ae74,1,0,6,1,1,0,Active,Stream Beat
515,515,0,be33,1,0,6,1,1,0,Active,Stream Beat
516,516,0,cf6f,1,0,6,1,1,0,Active,Stream Beat
517,517,0,e1c7,1,0,6,1,1,0,Active,Stream Beat
518,518,0,f4ce,1,0,6,1,1,0,Active,Stream Beat
519,519,0,814,1,0,5,1,1,0,Active,Stream Beat
520,520,0,1b2e,1,0,5,1,1,0,Active,Stream Beat
521,521,0,2da9,1,0,4,1,1,0,Active,Stream Beat
522,522,0,3f1a,1,0,4,1,1,0,Active,Stream Beat
523,523,0,4f1c,1,0,3,1,1,0,Active,Stream Beat
524,524,0,5d54,1,0,2,1,1,0,Active,Stream Beat
525,525,0,696d,1,0,1,1,1,0,Active,Stream Beat
526,526,0,7322,1,0,0,1,1,0,Active,Stream Beat
527,527,0,7a39,1,0,-1,1,1,0,Active,Stream Beat
528,528,0,7e8c,1,0,-2,1,1,0,Active,Stream Beat
529,529,0,7ffe,1,0,-3,1,1,0,Active,Stream Beat
530,530,0,7.00E+89,1,0,-4,1,1,0,Active,Stream Beat
531,531,0,7a35,1,0,-5,1,1,0,Active,Stream Beat
532,532,0,731b,1,0,-5,1,1,0,Active,Stream Beat
533,533,0,6964,1,0,-6,1,1,0,Active,Stream Beat
534,534,0,5d49,1,0,-7,1,1,0,Active,Stream Beat
535,535,0,4f10,1,0,-7,1,1,0,Active,Stream Beat
536,536,0,3f0c,1,0,-7,1,1,0,Active,Stream Beat
537,537,0,2d9a,1,0,-7,1,1,0,Active,Stream Beat
538,538,0,1b1e,1,0,-7,1,1,0,Active,Stream Beat
539,539,0,805,1,0,-7,1,1,0,Active,Stream Beat
540,540,0,f4be,1,0,-7,1,1,0,Active,Stream Beat
541,541,0,e1b8,1,0,-6,1,1,0,Active,Stream Beat
542,542,0,cf61,1,0,-6,1,1,0,Active,Stream Beat
543,543,0,be26,1,0,-5,1,1,0,Active,Stream Beat
544,544,0,ae68,1,0,-4,1,1,0,Active,Stream Beat
545,545,0,a085,1,0,-3,1,1,0,Active,Stream Beat
546,546,0,94cc,1,0,-2,1,1,0,Active,Stream Beat
547,547,0,8b83,1,0,-1,1,1,0,Active,Stream Beat
548,548,0,84de,1,0,0,1,1,0,Active,Stream Beat
549,549,0,8105,1,0,1,1,1,0,Active,Stream Beat
550,550,0,800c,1,0,2,1,1,0,Active,Stream Beat
551,551,0,81fc,1,0,3,1,1,0,Active,Stream Beat
552,552,0,86c8,1,0,3,1,1,0,Active,Stream Beat
553,553,0,8.00E+54,1,0,4,1,1,0,Active,Stream Beat
554,554,0,9873,1,0,5,1,1,0,Active,Stream Beat
555,555,0,a4ed,1,0,5,1,1,0,Active,Stream Beat
556,556,0,b378,1,0,6,1,1,0,Active,Stream Beat
557,557,0,c3bf,1,0,6,1,1,0,Active,Stream Beat
558,558,0,d565,1,0,6,1,1,0,Active,Stream Beat
559,559,0,e801,1,0,6,1,1,0,Active,Stream Beat
560,560,0,fb2a,1,0,6,1,1,0,Active,Stream Beat
561,561,0,0e6e,1,0,5,1,1,0,Active,Stream Beat
562,562,0,215f,1,0,5,1,1,0,Active,Stream Beat
563,563,0,338e,1,0,4,1,1,0,Active,Stream Beat
564,564,0,4491,1,0,3,1,1,0,Active,Stream Beat
565,565,0,5406,1,0,3,1,1,0,Active,Stream Beat
566,566,0,6193,1,0,2,1,1,0,Active,Stream Beat
567,567,0,6ce9,1,0,1,1,1,0,Active,Stream Beat
568,568,0,75c6,1,0,0,1,1,0,Active,Stream Beat
569,569,0,7bf7,1,0,-1,1,1,0,Active,Stream Beat
570,570,0,7f58,1,0,-2,1,1,0,Active,Stream Beat
571,571,0,7fd5,1,0,-3,1,1,0,Active,Stream Beat
572,572,0,7d6c,1,0,-4,1,1,0,Active,Stream Beat
573,573,0,7829,1,0,-5,1,1,0,Active,Stream Beat
574,574,0,702d,1,0,-6,1,1,0,Active,Stream Beat
575,575,0,65a5,1,0,-6,1,1,0,Active,Stream Beat
576,576,0,58ce,1,0,-7,1,1,0,Active,Stream Beat
577,577,0,49f4,1,0,-7,1,1,0,Active,Stream Beat
578,578,0,396c,1,0,-7,1,1,0,Active,Stream Beat
579,579,0,2797,1,0,-7,1,1,0,Active,Stream Beat
580,580,0,14db,1,0,-7,1,1,0,Active,Stream Beat
581,581,0,01a6,1,0,-7,1,1,0,Active,Stream Beat
582,582,0,ee69,1,0,-7,1,1,0,Active,Stream Beat
583,583,0,db90,1,0,-6,1,1,0,Active,Stream Beat
584,584,0,c98b,1,0,-5,1,1,0,Active,Stream Beat
585,585,0,b8c3,1,0,-5,1,1,0,Active,Stream Beat
586,586,0,a999,1,0,-4,1,1,0,Active,Stream Beat
587,587,0,9c65,1,0,-3,1,1,0,Active,Stream Beat
588,588,0,9173,1,0,-2,1,1,0,Active,Stream Beat
589,589,0,8904,1,0,-1,1,1,0,Active,Stream Beat
590,590,0,8348,1,0,0,1,1,0,Active,Stream Beat
591,591,0,8061,1,0,1,1,1,0,Active,Stream Beat
592,592,0,805e,1,0,2,1,1,0,Active,Stream Beat
593,593,0,8342,1,0,3,1,1,0,Active,Stream Beat
594,594,0,88f9,1,0,4,1,1,0,Active,Stream Beat
595,595,0,9165,1,0,4,1,1,0,Active,Stream Beat
596,596,0,9c53,1,0,5,1,1,0,Active,Stream Beat
597,597,0,a984,1,0,5,1,1,0,Active,Stream Beat
598,598,0,b8ab,1,0,6,1,1,0,Active,Stream Beat
599,599,0,c971,1,0,6,1,1,0,Active,Stream Beat
600,600,0,db74,1,0,6,1,1,0,Active,Stream Beat
601,601,0,ee4c,1,0,6,1,1,0,Active,Stream Beat
602,602,0,018a,1,0,5,1,1,0,Active,Stream Beat
603,603,0,14bf,1,0,5,1,1,0,Active,Stream Beat
604,604,0,277b,1,0,5,1,1,0,Active,Stream Beat
605,605,0,3952,1,0,4,1,1,0,Active,Stream Beat
606,606,0,49dd,1,0,3,1,1,0,Active,Stream Beat
607,607,0,58b9,1,0,2,1,1,0,Active,Stream Beat
608,608,0,6594,1,0,1,1,1,0,Active,Stream Beat
609,609,0,701f,1,0,0,1,1,0,Active,Stream Beat
610,610,0,781f,1,0,-1,1,1,0,Active,Stream Beat
611,611,0,7d66,1,0,-2,1,1,0,Active,Stream Beat
612,612,0,7fd3,1,0,-3,1,1,0,Active,Stream Beat
613,613,0,7f5b,1,0,-4,1,1,0,Active,Stream Beat
614,614,0,7bfe,1,0,-4,1,1,0,Active,Stream Beat
615,615,0,75d2,1,0,-5,1,1,0,Active,Stream Beat
616,616,0,6cf8,1,0,-6,1,1,0,Active,Stream Beat
617,617,0,61a5,1,0,-6,1,1,0,Active,Stream Beat
618,618,0,541c,1,0,-7,1,1,0,Active,Stream Beat
619,619,0,44a9,1,0,-7,1,1,0,Active,Stream Beat
620,620,0,33a8,1,0,-7,1,1,0,Active,Stream Beat
621,621,0,217b,1,0,-7,1,1,0,Active,Stream Beat
622,622,0,0e8b,1,0,-7,1,1,0,Active,Stream Beat
623,623,0,fb47,1,0,-7,1,1,0,Active,Stream Beat
624,624,0,e81e,1,0,-6,1,1,0,Active,Stream Beat
625,625,0,d580,1,0,-6,1,1,0,Active,Stream Beat
626,626,0,c3d9,1,0,-5,1,1,0,Active,Stream Beat
627,627,0,b38f,1,0,-4,1,1,0,Active,Stream Beat
628,628,0,a502,1,0,-4,1,1,0,Active,Stream Beat
629,629,0,9884,1,0,-3,1,1,0,Active,Stream Beat
630,630,0,8.00E+61,1,0,-2,1,1,0,Active,Stream Beat
631,631,0,86d1,1,0,-1,1,1,0,Active,Stream Beat
632,632,0,8201,1,0,0,1,1,0,Active,Stream Beat
633,633,0,800d,1,0,1,1,1,0,Active,Stream Beat
634,634,0,8101,1,0,2,1,1,0,Active,Stream Beat
635,635,0,84d6,1,0,3,1,1,0,Active,Stream Beat
636,636,0,8b77,1,0,4,1,1,0,Active,Stream Beat
637,637,0,94bd,1,0,5,1,1,0,Active,Stream Beat
638,638,0,a072,1,0,5,1,1,0,Active,Stream Beat
639,639,0,ae52,1,0,6,1,1,0,Active,Stream Beat
640,640,0,be0d,1,0,6,1,1,0,Active,Stream Beat
641,641,0,cf46,1,0,6,1,1,0,Active,Stream Beat
642,642,0,e19b,1,0,6,1,1,0,Active,Stream Beat
643,643,0,f4a1,1,0,6,1,1,0,Active,Stream Beat
644,644,0,7.00E+08,1,0,5,1,1,0,Active,Stream Beat
645,645,0,1b02,1,0,5,1,1,0,Active,Stream Beat
646,646,0,2d7f,1,0,4,1,1,0,Active,Stream Beat
647,647,0,3ef3,1,0,4,1,1,0,Active,Stream Beat
648,648,0,4ef9,1,0,3,1,1,0,Active,Stream Beat
649,649,0,5d35,1,0,2,1,1,0,Active,Stream Beat
650,650,0,6954,1,0,1,1,1,0,Active,Stream Beat
651,651,0,730e,1,0,0,1,1,0,Active,Stream Beat
652,652,0,7a2c,1,0,-1,1,1,0,Active,Stream Beat
653,653,0,7.00E+85,1,0,-2,1,1,0,Active,Stream Beat
654,654,0,7ffe,1,0,-3,1,1,0,Active,Stream Beat
655,655,0,7.00E+90,1,0,-4,1,1,0,Active,Stream Beat
656,656,0,7a42,1,0,-5,1,1,0,Active,Stream Beat
657,657,0,732f,1,0,-5,1,1,0,Active,Stream Beat
658,658,0,697e,1,0,-6,1,1,0,Active,Stream Beat
659,659,0,5d68,1,0,-7,1,1,0,Active,Stream Beat
660,660,0,4f33,1,0,-7,1,1,0,Active,Stream Beat
661,661,0,3f33,1,0,-7,1,1,0,Active,Stream Beat
662,662,0,2dc3,1,0,-7,1,1,0,Active,Stream Beat
663,663,0,1b4a,1,0,-7,1,1,0,Active,Stream Beat
664,664,0,831,1,0,-7,1,1,0,Active,Stream Beat
665,665,0,f4ea,1,0,-7,1,1,0,Active,Stream Beat
666,666,0,e1e3,1,0,-6,1,1,0,Active,Stream Beat
667,667,0,cf8a,1,0,-6,1,1,0,Active,Stream Beat
668,668,0,be4c,1,0,-5,1,1,0,Active,Stream Beat
669,669,0,ae8b,1,0,-4,1,1,0,Active,Stream Beat
670,670,0,a0a3,1,0,-3,1,1,0,Active,Stream Beat
671,671,0,9.40E+06,1,0,-2,1,1,0,Active,Stream Beat
672,672,0,8b95,1,0,-1,1,1,0,Active,Stream Beat
673,673,0,84ea,1,0,0,1,1,0,Active,Stream Beat
674,674,0,810a,1,0,1,1,1,0,Active,Stream Beat
675,675,0,800c,1,0,2,1,1,0,Active,Stream Beat
676,676,0,81f4,1,0,3,1,1,0,Active,Stream Beat
677,677,0,86b9,1,0,3,1,1,0,Active,Stream Beat
678,678,0,8e3f,1,0,4,1,1,0,Active,Stream Beat
679,679,0,9859,1,0,5,1,1,0,Active,Stream Beat
680,680,0,a4ce,1,0,5,1,1,0,Active,Stream Beat
681,681,0,b353,1,0,6,1,1,0,Active,Stream Beat
682,682,0,c398,1,0,6,1,1,0,Active,Stream Beat
683,683,0,d53b,1,0,6,1,1,0,Active,Stream Beat
684,684,0,e7d5,1,0,6,1,1,0,Active,Stream Beat
685,685,0,fafd,1,0,6,1,1,0,Active,Stream Beat
686,686,0,0.00E+00,1,0,5,1,1,0,Active,Stream Beat
687,687,0,2134,1,0,5,1,1,0,Active,Stream Beat
688,688,0,3365,1,0,4,1,1,0,Active,Stream Beat
689,689,0,446b,1,0,3,1,1,0,Active,Stream Beat
690,690,0,5.30E+05,1,0,3,1,1,0,Active,Stream Beat
691,691,0,6176,1,0,2,1,1,0,Active,Stream Beat
692,692,0,6cd1,1,0,1,1,1,0,Active,Stream Beat
693,693,0,75b4,1,0,0,1,1,0,Active,Stream Beat
694,694,0,7bec,1,0,-1,1,1,0,Active,Stream Beat
695,695,0,7f53,1,0,-2,1,1,0,Active,Stream Beat
696,696,0,7fd7,1,0,-3,1,1,0,Active,Stream Beat
697,697,0,7d75,1,0,-4,1,1,0,Active,Stream Beat
698,698,0,7839,1,0,-5,1,1,0,Active,Stream Beat
699,699,0,7042,1,0,-6,1,1,0,Active,Stream Beat
700,700,0,65c0,1,0,-6,1,1,0,Active,Stream Beat
701,701,0,58ef,1,0,-7,1,1,0,Active,Stream Beat
702,702,0,4a19,1,0,-7,1,1,0,Active,Stream Beat
703,703,0,3994,1,0,-7,1,1,0,Active,Stream Beat
704,704,0,27c1,1,0,-7,1,1,0,Active,Stream Beat
705,705,0,1507,1,0,-7,1,1,0,Active,Stream Beat
706,706,0,01d3,1,0,-7,1,1,0,Active,Stream Beat
707,707,0,ee95,1,0,-7,1,1,0,Active,Stream Beat
708,708,0,dbbb,1,0,-6,1,1,0,Active,Stream Beat
709,709,0,c9b4,1,0,-5,1,1,0,Active,Stream Beat
710,710,0,b8e9,1,0,-5,1,1,0,Active,Stream Beat
711,711,0,a9ba,1,0,-4,1,1,0,Active,Stream Beat
712,712,0,9c81,1,0,-3,1,1,0,Active,Stream Beat
713,713,0,918a,1,0,-2,1,1,0,Active,Stream Beat
714,714,0,8915,1,0,-1,1,1,0,Active,Stream Beat
715,715,0,8352,1,0,0,1,1,0,Active,Stream Beat
716,716,0,8063,1,0,1,1,1,0,Active,Stream Beat
717,717,0,805b,1,0,2,1,1,0,Active,Stream Beat
718,718,0,8338,1,0,3,1,1,0,Active,Stream Beat
719,719,0,8.80E+10,1,0,4,1,1,0,Active,Stream Beat
720,720,0,914e,1,0,4,1,1,0,Active,Stream Beat
721,721,0,9c37,1,0,5,1,1,0,Active,Stream Beat
722,722,0,a963,1,0,5,1,1,0,Active,Stream Beat
723,723,0,b886,1,0,6,1,1,0,Active,Stream Beat
724,724,0,c949,1,0,6,1,1,0,Active,Stream Beat
725,725,0,db49,1,0,6,1,1,0,Active,Stream Beat
726,726,0,ee1f,1,0,6,1,1,0,Active,Stream Beat
727,727,0,015d,1,0,5,1,1,0,Active,Stream Beat
728,728,0,1493,1,0,5,1,1,0,Active,Stream Beat
729,729,0,2750,1,0,5,1,1,0,Active,Stream Beat
730,730,0,392a,1,0,4,1,1,0,Active,Stream Beat
731,731,0,49b8,1,0,3,1,1,0,Active,Stream Beat
732,732,0,5899,1,0,2,1,1,0,Active,Stream Beat
733,733,0,6578,1,0,1,1,1,0,Active,Stream Beat
734,734,0,7009,1,0,0,1,1,0,Active,Stream Beat
735,735,0,780f,1,0,-1,1,1,0,Active,Stream Beat
736,736,0,7d5c,1,0,-2,1,1,0,Active,Stream Beat
737,737,0,7fd1,1,0,-3,1,1,0,Active,Stream Beat
738,738,0,7f5f,1,0,-4,1,1,0,Active,Stream Beat
739,739,0,7c09,1,0,-4,1,1,0,Active,Stream Beat
740,740,0,7.50E+04,1,0,-5,1,1,0,Active,Stream Beat
741,741,0,6d0f,1,0,-6,1,1,0,Active,Stream Beat
742,742,0,61c2,1,0,-7,1,1,0,Active,Stream Beat
743,743,0,543e,1,0,-7,1,1,0,Active,Stream Beat
744,744,0,44cf,1,0,-7,1,1,0,Active,Stream Beat
745,745,0,33d1,1,0,-7,1,1,0,Active,Stream Beat
746,746,0,21a6,1,0,-7,1,1,0,Active,Stream Beat
747,747,0,0eb7,1,0,-7,1,1,0,Active,Stream Beat
748,748,0,fb73,1,0,-7,1,1,0,Active,Stream Beat
749,749,0,e84a,1,0,-6,1,1,0,Active,Stream Beat
750,750,0,d5aa,1,0,-6,1,1,0,Active,Stream Beat
751,751,0,c401,1,0,-5,1,1,0,Active,Stream Beat
752,752,0,b3b3,1,0,-4,1,1,0,Active,Stream Beat
753,753,0,a521,1,0,-4,1,1,0,Active,Stream Beat
754,754,0,989e,1,0,-3,1,1,0,Active,Stream Beat
755,755,0,8.00E+75,1,0,-2,1,1,0,Active,Stream Beat
756,756,0,86df,1,0,-1,1,1,0,Active,Stream Beat
757,757,0,8208,1,0,0,1,1,0,Active,Stream Beat
758,758,0,800e,1,0,1,1,1,0,Active,Stream Beat
759,759,0,80fc,1,0,2,1,1,0,Active,Stream Beat
760,760,0,84c9,1,0,3,1,1,0,Active,Stream Beat
761,761,0,8b65,1,0,4,1,1,0,Active,Stream Beat
762,762,0,94a4,1,0,5,1,1,0,Active,Stream Beat
763,763,0,a054,1,0,5,1,1,0,Active,Stream Beat
764,764,0,ae30,1,0,6,1,1,0,Active,Stream Beat
765,765,0,bde6,1,0,6,1,1,0,Active,Stream Beat
766,766,0,cf1d,1,0,6,1,1,0,Active,Stream Beat
767,767,0,e170,1,0,6,1,1,0,Active,Stream Beat
768,768,0,f475,1,0,6,1,1,0,Active,Stream Beat
769,769,0,07bb,1,0,5,1,1,0,Active,Stream Beat
770,770,0,1ad6,1,0,5,1,1,0,Active,Stream Beat
771,771,0,2d55,1,0,4,1,1,0,Active,Stream Beat
772,772,0,3ecc,1,0,4,1,1,0,Active,Stream Beat
773,773,0,4ed6,1,0,3,1,1,0,Active,Stream Beat
774,774,0,5d16,1,0,2,1,1,0,Active,Stream Beat
775,775,0,693a,1,0,1,1,1,0,Active,Stream Beat
776,776,0,72fb,1,0,0,1,1,0,Active,Stream Beat
777,777,0,7a1f,1,0,-1,1,1,0,Active,Stream Beat
778,778,0,7e7e,1,0,-2,1,1,0,Active,Stream Beat
779,779,0,7ffe,1,0,-3,1,1,0,Active,Stream Beat
780,780,0,7.00E+96,1,0,-4,1,1,0,Active,Stream Beat
781,781,0,7a4f,1,0,-5,1,1,0,Active,Stream Beat
782,782,0,7342,1,0,-5,1,1,0,Active,Stream Beat
783,783,0,6997,1,0,-6,1,1,0,Active,Stream Beat
784,784,0,5d87,1,0,-7,1,1,0,Active,Stream Beat
785,785,0,4f56,1,0,-7,1,1,0,Active,Stream Beat
786,786,0,3f5a,1,0,-7,1,1,0,Active,Stream Beat
787,787,0,2ded,1,0,-7,1,1,0,Active,Stream Beat
788,788,0,1b76,1,0,-7,1,1,0,Active,Stream Beat
789,789,0,085f,1,0,-7,1,1,0,Active,Stream Beat
790,790,0,f517,1,0,-7,1,1,0,Active,Stream Beat
791,791,0,e20e,1,0,-6,1,1,0,Active,Stream Beat
792,792,0,cfb4,1,0,-6,1,1,0,Active,Stream Beat
793,793,0,be72,1,0,-5,1,1,0,Active,Stream Beat
794,794,0,aeae,1,0,-4,1,1,0,Active,Stream Beat
795,795,0,a0c1,1,0,-3,1,1,0,Active,Stream Beat
796,796,0,94fd,1,0,-2,1,1,0,Active,Stream Beat
797,797,0,8ba8,1,0,-1,1,1,0,Active,Stream Beat
798,798,0,84f7,1,0,0,1,1,0,Active,Stream Beat
799,799,0,810f,1,0,1,1,1,0,Active,Stream Beat
800,800,0,800b,1,0,2,1,1,0,Active,Stream Beat
801,801,0,81ec,1,0,3,1,1,0,Active,Stream Beat
802,802,0,86aa,1,0,3,1,1,0,Active,Stream Beat
803,803,0,8e2a,1,0,4,1,1,0,Active,Stream Beat
804,804,0,983e,1,0,5,1,1,0,Active,Stream Beat
805,805,0,a4ae,1,0,5,1,1,0,Active,Stream Beat
806,806,0,b330,1,0,6,1,1,0,Active,Stream Beat
807,807,0,c370,1,0,6,1,1,0,Active,Stream Beat
808,808,0,d510,1,0,6,1,1,0,Active,Stream Beat
809,809,0,e7aa,1,0,6,1,1,0,Active,Stream Beat
810,810,0,fad0,1,0,6,1,1,0,Active,Stream Beat
811,811,0,0.00E+00,1,0,5,1,1,0,Active,Stream Beat
812,812,0,2109,1,0,5,1,1,0,Active,Stream Beat
813,813,0,333c,1,0,4,1,1,0,Active,Stream Beat
814,814,0,4445,1,0,3,1,1,0,Active,Stream Beat
815,815,0,53c2,1,0,3,1,1,0,Active,Stream Beat
816,816,0,6159,1,0,2,1,1,0,Active,Stream Beat
817,817,0,6cb9,1,0,1,1,1,0,Active,Stream Beat
818,818,0,75a3,1,0,0,1,1,0,Active,Stream Beat
819,819,0,7be1,1,0,-1,1,1,0,Active,Stream Beat
820,820,0,7f4f,1,0,-2,1,1,0,Active,Stream Beat
821,821,0,7fd9,1,0,-3,1,1,0,Active,Stream Beat
822,822,0,7d7e,1,0,-4,1,1,0,Active,Stream Beat
823,823,0,7847,1,0,-5,1,1,0,Active,Stream Beat
824,824,0,7058,1,0,-6,1,1,0,Active,Stream Beat
825,825,0,65db,1,0,-6,1,1,0,Active,Stream Beat
826,826,0,590f,1,0,-7,1,1,0,Active,Stream Beat
827,827,0,4a3d,1,0,-7,1,1,0,Active,Stream Beat
828,828,0,39bc,1,0,-7,1,1,0,Active,Stream Beat
829,829,0,27eb,1,0,-7,1,1,0,Active,Stream Beat
830,830,0,1533,1,0,-7,1,1,0,Active,Stream Beat
831,831,0,200,1,0,-7,1,1,0,Active,Stream Beat
832,832,0,eec1,1,0,-7,1,1,0,Active,Stream Beat
833,833,0,dbe6,1,0,-6,1,1,0,Active,Stream Beat
834,834,0,c9dc,1,0,-5,1,1,0,Active,Stream Beat
835,835,0,b90e,1,0,-5,1,1,0,Active,Stream Beat
836,836,0,a9db,1,0,-4,1,1,0,Active,Stream Beat
837,837,0,9c9d,1,0,-3,1,1,0,Active,Stream Beat
838,838,0,91a0,1,0,-2,1,1,0,Active,Stream Beat
839,839,0,8925,1,0,-1,1,1,0,Active,Stream Beat
840,840,0,835c,1,0,0,1,1,0,Active,Stream Beat
841,841,0,8067,1,0,1,1,1,0,Active,Stream Beat
842,842,0,8057,1,0,2,1,1,0,Active,Stream Beat
843,843,0,832d,1,0,3,1,1,0,Active,Stream Beat
844,844,0,88d8,1,0,4,1,1,0,Active,Stream Beat
845,845,0,9137,1,0,4,1,1,0,Active,Stream Beat
846,846,0,9c1b,1,0,5,1,1,0,Active,Stream Beat
847,847,0,a942,1,0,5,1,1,0,Active,Stream Beat
848,848,0,b861,1,0,6,1,1,0,Active,Stream Beat
849,849,0,c920,1,0,6,1,1,0,Active,Stream Beat
850,850,0,db1f,1,0,6,1,1,0,Active,Stream Beat
851,851,0,edf2,1,0,6,1,1,0,Active,Stream Beat
852,852,0,130,1,0,5,1,1,0,Active,Stream Beat
853,853,0,1467,1,0,5,1,1,0,Active,Stream Beat
854,854,0,2726,1,0,5,1,1,0,Active,Stream Beat
855,855,0,3902,1,0,4,1,1,0,Active,Stream Beat
856,856,0,4994,1,0,3,1,1,0,Active,Stream Beat
857,857,0,5879,1,0,2,1,1,0,Active,Stream Beat
858,858,0,655d,1,0,1,1,1,0,Active,Stream Beat
859,859,0,6ff4,1,0,0,1,1,0,Active,Stream Beat
860,860,0,7800,1,0,-1,1,1,0,Active,Stream Beat
861,861,0,7d53,1,0,-2,1,1,0,Active,Stream Beat
862,862,0,7fcf,1,0,-3,1,1,0,Active,Stream Beat
863,863,0,7f63,1,0,-4,1,1,0,Active,Stream Beat
864,864,0,7c14,1,0,-4,1,1,0,Active,Stream Beat
865,865,0,75f4,1,0,-5,1,1,0,Active,Stream Beat
866,866,0,6d27,1,0,-6,1,1,0,Active,Stream Beat
867,867,0,61df,1,0,-6,1,1,0,Active,Stream Beat
868,868,0,5460,1,0,-7,1,1,0,Active,Stream Beat
869,869,0,44f5,1,0,-7,1,1,0,Active,Stream Beat
870,870,0,33fa,1,0,-7,1,1,0,Active,Stream Beat
871,871,0,21d2,1,0,-7,1,1,0,Active,Stream Beat
872,872,0,0ee4,1,0,-7,1,1,0,Active,Stream Beat
873,873,0,fba0,1,0,-7,1,1,0,Active,Stream Beat
874,874,0,e876,1,0,-7,1,1,0,Active,Stream Beat
875,875,0,d5d4,1,0,-6,1,1,0,Active,Stream Beat
876,876,0,c427,1,0,-5,1,1,0,Active,Stream Beat
877,877,0,b3d7,1,0,-4,1,1,0,Active,Stream Beat
878,878,0,a540,1,0,-4,1,1,0,Active,Stream Beat
879,879,0,98b9,1,0,-3,1,1,0,Active,Stream Beat
880,880,0,8e8a,1,0,-2,1,1,0,Active,Stream Beat
881,881,0,86ee,1,0,-1,1,1,0,Active,Stream Beat
882,882,0,8210,1,0,0,1,1,0,Active,Stream Beat
883,883,0,8010,1,0,1,1,1,0,Active,Stream Beat
884,884,0,80f5,1,0,2,1,1,0,Active,Stream Beat
885,885,0,84bd,1,0,3,1,1,0,Active,Stream Beat
886,886,0,8b52,1,0,4,1,1,0,Active,Stream Beat
887,887,0,948c,1,0,5,1,1,0,Active,Stream Beat
888,888,0,a036,1,0,5,1,1,0,Active,Stream Beat
889,889,0,ae0d,1,0,5,1,1,0,Active,Stream Beat
890,890,0,bdc0,1,0,6,1,1,0,Active,Stream Beat
891,891,0,cef4,1,0,6,1,1,0,Active,Stream Beat
892,892,0,e144,1,0,6,1,1,0,Active,Stream Beat
893,893,0,f448,1,0,6,1,1,0,Active,Stream Beat
894,894,0,078f,1,0,5,1,1,0,Active,Stream Beat
895,895,0,1aaa,1,0,5,1,1,0,Active,Stream Beat
896,896,0,2d2a,1,0,4,1,1,0,Active,Stream Beat
897,897,0,3ea5,1,0,4,1,1,0,Active,Stream Beat
898,898,0,4eb3,1,0,3,1,1,0,Active,Stream Beat
899,899,0,5cf8,1,0,2,1,1,0,Active,Stream Beat
900,900,0,6921,1,0,1,1,1,0,Active,Stream Beat
901,901,0,7.20E+08,1,0,0,1,1,0,Active,Stream Beat
902,902,0,7a11,1,0,-1,1,1,0,Active,Stream Beat
903,903,0,7.00E+77,1,0,-2,1,1,0,Active,Stream Beat
904,904,0,7ffe,1,0,-3,1,1,0,Active,Stream Beat
905,905,0,7e9d,1,0,-4,1,1,0,Active,Stream Beat
906,906,0,7a5d,1,0,-5,1,1,0,Active,Stream Beat
907,907,0,7356,1,0,-5,1,1,0,Active,Stream Beat
908,908,0,69b0,1,0,-6,1,1,0,Active,Stream Beat
909,909,0,5da5,1,0,-7,1,1,0,Active,Stream Beat
910,910,0,4f79,1,0,-7,1,1,0,Active,Stream Beat
911,911,0,3f80,1,0,-7,1,1,0,Active,Stream Beat
912,912,0,2.00E+17,1,0,-7,1,1,0,Active,Stream Beat
913,913,0,1ba1,1,0,-7,1,1,0,Active,Stream Beat
914,914,0,088b,1,0,-7,1,1,0,Active,Stream Beat
915,915,0,f543,1,0,-7,1,1,0,Active,Stream Beat
916,916,0,e23a,1,0,-6,1,1,0,Active,Stream Beat
917,917,0,cfde,1,0,-6,1,1,0,Active,Stream Beat
918,918,0,be98,1,0,-5,1,1,0,Active,Stream Beat
919,919,0,aecf,1,0,-4,1,1,0,Active,Stream Beat
920,920,0,a0df,1,0,-3,1,1,0,Active,Stream Beat
921,921,0,9516,1,0,-2,1,1,0,Active,Stream Beat
922,922,0,8bbb,1,0,-1,1,1,0,Active,Stream Beat
923,923,0,8503,1,0,0,1,1,0,Active,Stream Beat
924,924,0,8115,1,0,1,1,1,0,Active,Stream Beat
925,925,0,800a,1,0,2,1,1,0,Active,Stream Beat
926,926,0,8.10E+05,1,0,3,1,1,0,Active,Stream Beat
927,927,0,869c,1,0,3,1,1,0,Active,Stream Beat
928,928,0,8.00E+15,1,0,4,1,1,0,Active,Stream Beat
929,929,0,9824,1,0,5,1,1,0,Active,Stream Beat
930,930,0,a48f,1,0,5,1,1,0,Active,Stream Beat
931,931,0,b30c,1,0,6,1,1,0,Active,Stream Beat
932,932,0,c348,1,0,6,1,1,0,Active,Stream Beat
933,933,0,d4e6,1,0,6,1,1,0,Active,Stream Beat
934,934,0,e77e,1,0,6,1,1,0,Active,Stream Beat
935,935,0,faa3,1,0,6,1,1,0,Active,Stream Beat
936,936,0,0de9,1,0,5,1,1,0,Active,Stream Beat
937,937,0,20de,1,0,5,1,1,0,Active,Stream Beat
938,938,0,3313,1,0,4,1,1,0,Active,Stream Beat
939,939,0,441f,1,0,3,1,1,0,Active,Stream Beat
940,940,0,53a1,1,0,3,1,1,0,Active,Stream Beat
941,941,0,613c,1,0,2,1,1,0,Active,Stream Beat
942,942,0,6ca2,1,0,1,1,1,0,Active,Stream Beat
943,943,0,7591,1,0,0,1,1,0,Active,Stream Beat
944,944,0,7bd6,1,0,-1,1,1,0,Active,Stream Beat
945,945,0,7f4a,1,0,-2,1,1,0,Active,Stream Beat
946,946,0,7fdc,1,0,-3,1,1,0,Active,Stream Beat
947,947,0,7d86,1,0,-4,1,1,0,Active,Stream Beat
948,948,0,7857,1,0,-5,1,1,0,Active,Stream Beat
949,949,0,706e,1,0,-6,1,1,0,Active,Stream Beat
950,950,0,65f7,1,0,-6,1,1,0,Active,Stream Beat
951,951,0,592f,1,0,-7,1,1,0,Active,Stream Beat
952,952,0,4a62,1,0,-7,1,1,0,Active,Stream Beat
953,953,0,3.90E+05,1,0,-7,1,1,0,Active,Stream Beat
954,954,0,2816,1,0,-7,1,1,0,Active,Stream Beat
955,955,0,1560,1,0,-7,1,1,0,Active,Stream Beat
956,956,0,022d,1,0,-7,1,1,0,Active,Stream Beat
957,957,0,eeed,1,0,-7,1,1,0,Active,Stream Beat
958,958,0,dc11,1,0,-6,1,1,0,Active,Stream Beat
959,959,0,ca05,1,0,-5,1,1,0,Active,Stream Beat
960,960,0,b933,1,0,-5,1,1,0,Active,Stream Beat
961,961,0,a9fc,1,0,-4,1,1,0,Active,Stream Beat
962,962,0,9cb9,1,0,-3,1,1,0,Active,Stream Beat
963,963,0,91b7,1,0,-2,1,1,0,Active,Stream Beat
964,964,0,8935,1,0,-1,1,1,0,Active,Stream Beat
965,965,0,8366,1,0,0,1,1,0,Active,Stream Beat
966,966,0,806a,1,0,1,1,1,0,Active,Stream Beat
967,967,0,8054,1,0,2,1,1,0,Active,Stream Beat
968,968,0,8323,1,0,3,1,1,0,Active,Stream Beat
969,969,0,88c8,1,0,4,1,1,0,Active,Stream Beat
970,970,0,9121,1,0,4,1,1,0,Active,Stream Beat
971,971,0,9bff,1,0,5,1,1,0,Active,Stream Beat
972,972,0,a921,1,0,5,1,1,0,Active,Stream Beat
973,973,0,b83c,1,0,6,1,1,0,Active,Stream Beat
974,974,0,c8f8,1,0,6,1,1,0,Active,Stream Beat
975,975,0,daf4,1,0,6,1,1,0,Active,Stream Beat
976,976,0,edc6,1,0,6,1,1,0,Active,Stream Beat
977,977,0,103,1,0,5,1,1,0,Active,Stream Beat
978,978,0,143b,1,0,5,1,1,0,Active,Stream Beat
979,979,0,26fb,1,0,5,1,1,0,Active,Stream Beat
980,980,0,38da,1,0,4,1,1,0,Active,Stream Beat
981,981,0,496f,1,0,3,1,1,0,Active,Stream Beat
982,982,0,5859,1,0,2,1,1,0,Active,Stream Beat
983,983,0,6541,1,0,1,1,1,0,Active,Stream Beat
984,984,0,6fde,1,0,0,1,1,0,Active,Stream Beat
985,985,0,77f0,1,0,-1,1,1,0,Active,Stream Beat
986,986,0,7d4b,1,0,-2,1,1,0,Active,Stream Beat
987,987,0,7fcd,1,0,-3,1,1,0,Active,Stream Beat
988,988,0,7f68,1,0,-4,1,1,0,Active,Stream Beat
989,989,0,7c1f,1,0,-4,1,1,0,Active,Stream Beat
990,990,0,7606,1,0,-5,1,1,0,Active,Stream Beat
991,991,0,6d3e,1,0,-6,1,1,0,Active,Stream Beat
992,992,0,61fc,1,0,-6,1,1,0,Active,Stream Beat
993,993,0,5481,1,0,-7,1,1,0,Active,Stream Beat
994,994,0,451b,1,0,-7,1,1,0,Active,Stream Beat
995,995,0,3423,1,0,-7,1,1,0,Active,Stream Beat
996,996,0,21fd,1,0,-7,1,1,0,Active,Stream Beat
997,997,0,0f10,1,0,-7,1,1,0,Active,Stream Beat
998,998,0,fbcd,1,0,-7,1,1,0,Active,Stream Beat
999,999,0,e8a2,1,0,-6,1,1,0,Active,Stream Beat
1000,1000,0,d5fe,1,0,-6,1,1,0,Active,Stream Beat
1001,1001,0,c44f,1,0,-5,1,1,0,Active,Stream Beat
1002,1002,0,b3fb,1,0,-4,1,1,0,Active,Stream Beat
1003,1003,0,a55f,1,0,-4,1,1,0,Active,Stream Beat
1004,1004,0,98d4,1,0,-3,1,1,0,Active,Stream Beat
1005,1005,0,8e9e,1,0,-2,1,1,0,Active,Stream Beat
1006,1006,0,86fc,1,0,-1,1,1,0,Active,Stream Beat
1007,1007,0,8218,1,0,0,1,1,0,Active,Stream Beat
1008,1008,0,8011,1,0,1,1,1,0,Active,Stream Beat
1009,1009,0,80f0,1,0,2,1,1,0,Active,Stream Beat
1010,1010,0,84b1,1,0,3,1,1,0,Active,Stream Beat
1011,1011,0,8b3f,1,0,4,1,1,0,Active,Stream Beat
1012,1012,0,9474,1,0,5,1,1,0,Active,Stream Beat
1013,1013,0,a019,1,0,5,1,1,0,Active,Stream Beat
1014,1014,0,adeb,1,0,5,1,1,0,Active,Stream Beat
1015,1015,0,bd9a,1,0,6,1,1,0,Active,Stream Beat
1016,1016,0,cecb,1,0,6,1,1,0,Active,Stream Beat
1017,1017,0,e119,1,0,6,1,1,0,Active,Stream Beat
1018,1018,0,f41a,1,0,6,1,1,0,Active,Stream Beat
1019,1019,0,762,1,0,5,1,1,0,Active,Stream Beat
1020,1020,0,1a7e,1,0,5,1,1,0,Active,Stream Beat
1021,1021,0,2d00,1,0,4,1,1,0,Active,Stream Beat
1022,1022,0,3e7e,1,0,4,1,1,0,Active,Stream Beat
1023,1023,0,4.00E+90,1,0,3,1,1,0,Active,Stream Beat
1024,1024,0,5cd9,1,0,2,1,1,0,Active,Stream Beat
1025,1025,0,6908,1,0,1,1,1,0,Active,Stream Beat
1026,1026,0,72d4,1,0,0,1,1,0,Active,Stream Beat
1027,1027,0,7a04,1,0,-1,1,1,0,Active,Stream Beat
1028,1028,0,7.00E+71,1,0,-2,1,1,0,Active,Stream Beat
1029,1029,0,7ffe,1,0,-3,1,1,0,Active,Stream Beat
1030,1030,0,7ea4,1,0,-4,1,1,0,Active,Stream Beat
1031,1031,0,7a69,1,0,-5,1,1,0,Active,Stream Beat
1032,1032,0,7368,1,0,-5,1,1,0,Active,Stream Beat
1033,1033,0,69c9,1,0,-6,1,1,0,Active,Stream Beat
1034,1034,0,5dc4,1,0,-7,1,1,0,Active,Stream Beat
1035,1035,0,4f9d,1,0,-7,1,1,0,Active,Stream Beat
1036,1036,0,3fa7,1,0,-7,1,1,0,Active,Stream Beat
1037,1037,0,2.00E+40,1,0,-7,1,1,0,Active,Stream Beat
1038,1038,0,1bcd,1,0,-7,1,1,0,Active,Stream Beat
1039,1039,0,08b8,1,0,-7,1,1,0,Active,Stream Beat
1040,1040,0,f570,1,0,-7,1,1,0,Active,Stream Beat
1041,1041,0,e265,1,0,-6,1,1,0,Active,Stream Beat
1042,1042,0,d007,1,0,-6,1,1,0,Active,Stream Beat
1043,1043,0,bebf,1,0,-5,1,1,0,Active,Stream Beat
1044,1044,0,aef2,1,0,-4,1,1,0,Active,Stream Beat
1045,1045,0,a0fc,1,0,-3,1,1,0,Active,Stream Beat
1046,1046,0,952f,1,0,-2,1,1,0,Active,Stream Beat
1047,1047,0,8bcd,1,0,-1,1,1,0,Active,Stream Beat
1048,1048,0,8510,1,0,0,1,1,0,Active,Stream Beat
1049,1049,0,811b,1,0,1,1,1,0,Active,Stream Beat
1050,1050,0,8009,1,0,2,1,1,0,Active,Stream Beat
1051,1051,0,81dd,1,0,2,1,1,0,Active,Stream Beat
1052,1052,0,868f,1,0,3,1,1,0,Active,Stream Beat
1053,1053,0,8.00E+01,1,0,4,1,1,0,Active,Stream Beat
1054,1054,0,980a,1,0,5,1,1,0,Active,Stream Beat
1055,1055,0,a470,1,0,5,1,1,0,Active,Stream Beat
1056,1056,0,b2e8,1,0,6,1,1,0,Active,Stream Beat
1057,1057,0,c321,1,0,6,1,1,0,Active,Stream Beat
1058,1058,0,d4bc,1,0,6,1,1,0,Active,Stream Beat
1059,1059,0,e752,1,0,6,1,1,0,Active,Stream Beat
1060,1060,0,fa77,1,0,6,1,1,0,Active,Stream Beat
1061,1061,0,0dbd,1,0,5,1,1,0,Active,Stream Beat
1062,1062,0,20b2,1,0,5,1,1,0,Active,Stream Beat
1063,1063,0,32ea,1,0,4,1,1,0,Active,Stream Beat
1064,1064,0,43f9,1,0,3,1,1,0,Active,Stream Beat
1065,1065,0,537f,1,0,3,1,1,0,Active,Stream Beat
1066,1066,0,611e,1,0,2,1,1,0,Active,Stream Beat
1067,1067,0,6c8a,1,0,1,1,1,0,Active,Stream Beat
1068,1068,0,7580,1,0,0,1,1,0,Active,Stream Beat
1069,1069,0,7bca,1,0,-1,1,1,0,Active,Stream Beat
1070,1070,0,7f46,1,0,-2,1,1,0,Active,Stream Beat
1071,1071,0,7fde,1,0,-3,1,1,0,Active,Stream Beat
1072,1072,0,7d8e,1,0,-4,1,1,0,Active,Stream Beat
1073,1073,0,7867,1,0,-5,1,1,0,Active,Stream Beat
1074,1074,0,7083,1,0,-6,1,1,0,Active,Stream Beat
1075,1075,0,6612,1,0,-6,1,1,0,Active,Stream Beat
1076,1076,0,594f,1,0,-7,1,1,0,Active,Stream Beat
1077,1077,0,4a86,1,0,-7,1,1,0,Active,Stream Beat
1078,1078,0,3a0c,1,0,-7,1,1,0,Active,Stream Beat
1079,1079,0,2841,1,0,-7,1,1,0,Active,Stream Beat
1080,1080,0,158c,1,0,-7,1,1,0,Active,Stream Beat
1081,1081,0,025a,1,0,-7,1,1,0,Active,Stream Beat
1082,1082,0,ef19,1,0,-7,1,1,0,Active,Stream Beat
1083,1083,0,dc3c,1,0,-6,1,1,0,Active,Stream Beat
1084,1084,0,ca2d,1,0,-5,1,1,0,Active,Stream Beat
1085,1085,0,b959,1,0,-5,1,1,0,Active,Stream Beat
1086,1086,0,aa1e,1,0,-4,1,1,0,Active,Stream Beat
1087,1087,0,9cd6,1,0,-3,1,1,0,Active,Stream Beat
1088,1088,0,91ce,1,0,-2,1,1,0,Active,Stream Beat
1089,1089,0,8946,1,0,-1,1,1,0,Active,Stream Beat
1090,1090,0,8370,1,0,0,1,1,0,Active,Stream Beat
1091,1091,0,806e,1,0,1,1,1,0,Active,Stream Beat
1092,1092,0,8051,1,0,2,1,1,0,Active,Stream Beat
1093,1093,0,831a,1,0,3,1,1,0,Active,Stream Beat
1094,1094,0,88b8,1,0,4,1,1,0,Active,Stream Beat
1095,1095,0,910b,1,0,4,1,1,0,Active,Stream Beat
1096,1096,0,9be3,1,0,5,1,1,0,Active,Stream Beat
1097,1097,0,a900,1,0,5,1,1,0,Active,Stream Beat
1098,1098,0,b817,1,0,6,1,1,0,Active,Stream Beat
1099,1099,0,c8d0,1,0,6,1,1,0,Active,Stream Beat
1100,1100,0,dac8,1,0,6,1,1,0,Active,Stream Beat
1101,1101,0,ed9a,1,0,6,1,1,0,Active,Stream Beat
1102,1102,0,00d6,1,0,6,1,1,0,Active,Stream Beat
1103,1103,0,140e,1,0,5,1,1,0,Active,Stream Beat
1104,1104,0,26d0,1,0,5,1,1,0,Active,Stream Beat
1105,1105,0,38b2,1,0,4,1,1,0,Active,Stream Beat
1106,1106,0,494a,1,0,3,1,1,0,Active,Stream Beat
1107,1107,0,5838,1,0,2,1,1,0,Active,Stream Beat
1108,1108,0,6526,1,0,1,1,1,0,Active,Stream Beat
1109,1109,0,6fc8,1,0,0,1,1,0,Active,Stream Beat
1110,1110,0,7.70E+02,1,0,-1,1,1,0,Active,Stream Beat
1111,1111,0,7d41,1,0,-2,1,1,0,Active,Stream Beat
1112,1112,0,7fca,1,0,-3,1,1,0,Active,Stream Beat
1113,1113,0,7f6c,1,0,-4,1,1,0,Active,Stream Beat
1114,1114,0,7c2a,1,0,-4,1,1,0,Active,Stream Beat
1115,1115,0,7617,1,0,-5,1,1,0,Active,Stream Beat
1116,1116,0,6d55,1,0,-6,1,1,0,Active,Stream Beat
1117,1117,0,6219,1,0,-6,1,1,0,Active,Stream Beat
1118,1118,0,54a2,1,0,-7,1,1,0,Active,Stream Beat
1119,1119,0,4541,1,0,-7,1,1,0,Active,Stream Beat
1120,1120,0,344c,1,0,-7,1,1,0,Active,Stream Beat
1121,1121,0,2228,1,0,-7,1,1,0,Active,Stream Beat
1122,1122,0,0f3d,1,0,-7,1,1,0,Active,Stream Beat
1123,1123,0,fbfa,1,0,-7,1,1,0,Active,Stream Beat
1124,1124,0,e8ce,1,0,-6,1,1,0,Active,Stream Beat
1125,1125,0,d628,1,0,-6,1,1,0,Active,Stream Beat
1126,1126,0,c477,1,0,-5,1,1,0,Active,Stream Beat
1127,1127,0,b41f,1,0,-4,1,1,0,Active,Stream Beat
1128,1128,0,a580,1,0,-4,1,1,0,Active,Stream Beat
1129,1129,0,98ee,1,0,-3,1,1,0,Active,Stream Beat
1130,1130,0,8eb3,1,0,-2,1,1,0,Active,Stream Beat
1131,1131,0,870b,1,0,-1,1,1,0,Active,Stream Beat
1132,1132,0,8220,1,0,0,1,1,0,Active,Stream Beat
1133,1133,0,8012,1,0,1,1,1,0,Active,Stream Beat
1134,1134,0,80eb,1,0,2,1,1,0,Active,Stream Beat
1135,1135,0,84a5,1,0,3,1,1,0,Active,Stream Beat
1136,1136,0,8b2d,1,0,4,1,1,0,Active,Stream Beat
1137,1137,0,945c,1,0,5,1,1,0,Active,Stream Beat
1138,1138,0,9ffb,1,0,5,1,1,0,Active,Stream Beat
1139,1139,0,adc9,1,0,5,1,1,0,Active,Stream Beat
1140,1140,0,bd74,1,0,6,1,1,0,Active,Stream Beat
1141,1141,0,cea1,1,0,6,1,1,0,Active,Stream Beat
1142,1142,0,e0ed,1,0,6,1,1,0,Active,Stream Beat
1143,1143,0,f3ee,1,0,6,1,1,0,Active,Stream Beat
1144,1144,0,736,1,0,5,1,1,0,Active,Stream Beat
1145,1145,0,1a53,1,0,5,1,1,0,Active,Stream Beat
1146,1146,0,2cd7,1,0,4,1,1,0,Active,Stream Beat
1147,1147,0,3.00E+57,1,0,4,1,1,0,Active,Stream Beat
1148,1148,0,4e6d,1,0,3,1,1,0,Active,Stream Beat
1149,1149,0,5cba,1,0,2,1,1,0,Active,Stream Beat
1150,1150,0,68ee,1,0,1,1,1,0,Active,Stream Beat
1151,1151,0,72c0,1,0,0,1,1,0,Active,Stream Beat
1152,1152,0,79f7,1,0,-1,1,1,0,Active,Stream Beat
1153,1153,0,7.00E+69,1,0,-2,1,1,0,Active,Stream Beat
1154,1154,0,7ffd,1,0,-3,1,1,0,Active,Stream Beat
1155,1155,0,7eaa,1,0,-4,1,1,0,Active,Stream Beat
1156,1156,0,7a76,1,0,-5,1,1,0,Active,Stream Beat
1157,1157,0,737c,1,0,-5,1,1,0,Active,Stream Beat
1158,1158,0,6.90E+03,1,0,-6,1,1,0,Active,Stream Beat
1159,1159,0,5de2,1,0,-7,1,1,0,Active,Stream Beat
1160,1160,0,4fc0,1,0,-7,1,1,0,Active,Stream Beat
1161,1161,0,3fce,1,0,-7,1,1,0,Active,Stream Beat
1162,1162,0,2e6a,1,0,-7,1,1,0,Active,Stream Beat
1163,1163,0,1bf9,1,0,-7,1,1,0,Active,Stream Beat
1164,1164,0,8.00E+04,1,0,-7,1,1,0,Active,Stream Beat
1165,1165,0,f59c,1,0,-7,1,1,0,Active,Stream Beat
1166,1166,0,e291,1,0,-6,1,1,0,Active,Stream Beat
1167,1167,0,d031,1,0,-6,1,1,0,Active,Stream Beat
1168,1168,0,bee6,1,0,-5,1,1,0,Active,Stream Beat
1169,1169,0,af15,1,0,-4,1,1,0,Active,Stream Beat
1170,1170,0,a11a,1,0,-3,1,1,0,Active,Stream Beat
1171,1171,0,9548,1,0,-2,1,1,0,Active,Stream Beat
1172,1172,0,8be0,1,0,-1,1,1,0,Active,Stream Beat
1173,1173,0,851c,1,0,0,1,1,0,Active,Stream Beat
1174,1174,0,8121,1,0,1,1,1,0,Active,Stream Beat
1175,1175,0,8008,1,0,2,1,1,0,Active,Stream Beat
1176,1176,0,81d5,1,0,3,1,1,0,Active,Stream Beat
1177,1177,0,8681,1,0,3,1,1,0,Active,Stream Beat
1178,1178,0,8ded,1,0,4,1,1,0,Active,Stream Beat
1179,1179,0,97f1,1,0,5,1,1,0,Active,Stream Beat
1180,1180,0,a450,1,0,5,1,1,0,Active,Stream Beat
1181,1181,0,b2c5,1,0,6,1,1,0,Active,Stream Beat
1182,1182,0,c2fa,1,0,6,1,1,0,Active,Stream Beat
1183,1183,0,d492,1,0,6,1,1,0,Active,Stream Beat
1184,1184,0,e726,1,0,6,1,1,0,Active,Stream Beat
1185,1185,0,fa4a,1,0,6,1,1,0,Active,Stream Beat
1186,1186,0,0d90,1,0,5,1,1,0,Active,Stream Beat
1187,1187,0,2086,1,0,5,1,1,0,Active,Stream Beat
1188,1188,0,32c1,1,0,4,1,1,0,Active,Stream Beat
1189,1189,0,43d3,1,0,3,1,1,0,Active,Stream Beat
1190,1190,0,535d,1,0,3,1,1,0,Active,Stream Beat
1191,1191,0,6101,1,0,2,1,1,0,Active,Stream Beat
1192,1192,0,6c73,1,0,1,1,1,0,Active,Stream Beat
1193,1193,0,756e,1,0,0,1,1,0,Active,Stream Beat
1194,1194,0,7bbe,1,0,-1,1,1,0,Active,Stream Beat
1195,1195,0,7f41,1,0,-2,1,1,0,Active,Stream Beat
1196,1196,0,7fe0,1,0,-3,1,1,0,Active,Stream Beat
1197,1197,0,7d97,1,0,-4,1,1,0,Active,Stream Beat
1198,1198,0,7876,1,0,-5,1,1,0,Active,Stream Beat
1199,1199,0,7098,1,0,-6,1,1,0,Active,Stream Beat
1200,1200,0,662c,1,0,-6,1,1,0,Active,Stream Beat
1201,1201,0,596f,1,0,-7,1,1,0,Active,Stream Beat
1202,1202,0,4aaa,1,0,-7,1,1,0,Active,Stream Beat
1203,1203,0,3a34,1,0,-7,1,1,0,Active,Stream Beat
1204,1204,0,286c,1,0,-7,1,1,0,Active,Stream Beat
1205,1205,0,15b8,1,0,-7,1,1,0,Active,Stream Beat
1206,1206,0,286,1,0,-7,1,1,0,Active,Stream Beat
1207,1207,0,ef46,1,0,-7,1,1,0,Active,Stream Beat
1208,1208,0,dc66,1,0,-6,1,1,0,Active,Stream Beat
1209,1209,0,ca56,1,0,-5,1,1,0,Active,Stream Beat
1210,1210,0,b97e,1,0,-5,1,1,0,Active,Stream Beat
1211,1211,0,aa3f,1,0,-4,1,1,0,Active,Stream Beat
1212,1212,0,9cf2,1,0,-3,1,1,0,Active,Stream Beat
1213,1213,0,9.10E+05,1,0,-2,1,1,0,Active,Stream Beat
1214,1214,0,8957,1,0,-1,1,1,0,Active,Stream Beat
1215,1215,0,837a,1,0,0,1,1,0,Active,Stream Beat
1216,1216,0,8072,1,0,1,1,1,0,Active,Stream Beat
1217,1217,0,804e,1,0,2,1,1,0,Active,Stream Beat
1218,1218,0,8310,1,0,3,1,1,0,Active,Stream Beat
1219,1219,0,88a8,1,0,4,1,1,0,Active,Stream Beat
1220,1220,0,90f4,1,0,4,1,1,0,Active,Stream Beat
1221,1221,0,9bc7,1,0,5,1,1,0,Active,Stream Beat
1222,1222,0,a8e0,1,0,5,1,1,0,Active,Stream Beat
1223,1223,0,b7f2,1,0,6,1,1,0,Active,Stream Beat
1224,1224,0,c8a8,1,0,6,1,1,0,Active,Stream Beat
1225,1225,0,da9e,1,0,6,1,1,0,Active,Stream Beat
1226,1226,0,ed6e,1,0,6,1,1,0,Active,Stream Beat
1227,1227,0,00aa,1,0,6,1,1,0,Active,Stream Beat
1228,1228,0,1.30E+02,1,0,5,1,1,0,Active,Stream Beat
1229,1229,0,26a7,1,0,5,1,1,0,Active,Stream Beat
1230,1230,0,388a,1,0,4,1,1,0,Active,Stream Beat
1231,1231,0,4925,1,0,3,1,1,0,Active,Stream Beat
1232,1232,0,5818,1,0,2,1,1,0,Active,Stream Beat
1233,1233,0,650b,1,0,1,1,1,0,Active,Stream Beat
1234,1234,0,6fb2,1,0,0,1,1,0,Active,Stream Beat
1235,1235,0,77d1,1,0,-1,1,1,0,Active,Stream Beat
1236,1236,0,7d38,1,0,-2,1,1,0,Active,Stream Beat
1237,1237,0,7fc7,1,0,-3,1,1,0,Active,Stream Beat
1238,1238,0,7f71,1,0,-4,1,1,0,Active,Stream Beat
1239,1239,0,7c35,1,0,-4,1,1,0,Active,Stream Beat
1240,1240,0,7628,1,0,-5,1,1,0,Active,Stream Beat
1241,1241,0,6d6d,1,0,-6,1,1,0,Active,Stream Beat
1242,1242,0,6235,1,0,-6,1,1,0,Active,Stream Beat
1243,1243,0,54c4,1,0,-7,1,1,0,Active,Stream Beat
1244,1244,0,4566,1,0,-7,1,1,0,Active,Stream Beat
1245,1245,0,3475,1,0,-7,1,1,0,Active,Stream Beat
1246,1246,0,2253,1,0,-7,1,1,0,Active,Stream Beat
1247,1247,0,0f69,1,0,-7,1,1,0,Active,Stream Beat
1248,1248,0,fc26,1,0,-7,1,1,0,Active,Stream Beat
1249,1249,0,e8fa,1,0,-7,1,1,0,Active,Stream Beat
1250,1250,0,d653,1,0,-6,1,1,0,Active,Stream Beat
1251,1251,0,c49e,1,0,-5,1,1,0,Active,Stream Beat
1252,1252,0,b443,1,0,-4,1,1,0,Active,Stream Beat
1253,1253,0,a5a0,1,0,-4,1,1,0,Active,Stream Beat
1254,1254,0,9908,1,0,-3,1,1,0,Active,Stream Beat
1255,1255,0,8ec8,1,0,-2,1,1,0,Active,Stream Beat
1256,1256,0,871a,1,0,-1,1,1,0,Active,Stream Beat
1257,1257,0,8229,1,0,0,1,1,0,Active,Stream Beat
1258,1258,0,8014,1,0,1,1,1,0,Active,Stream Beat
1259,1259,0,8.00E+06,1,0,2,1,1,0,Active,Stream Beat
1260,1260,0,849a,1,0,3,1,1,0,Active,Stream Beat
1261,1261,0,8b1b,1,0,4,1,1,0,Active,Stream Beat
1262,1262,0,9444,1,0,5,1,1,0,Active,Stream Beat
1263,1263,0,9fde,1,0,5,1,1,0,Active,Stream Beat
1264,1264,0,ada6,1,0,5,1,1,0,Active,Stream Beat
1265,1265,0,bd4d,1,0,6,1,1,0,Active,Stream Beat
1266,1266,0,ce78,1,0,6,1,1,0,Active,Stream Beat
1267,1267,0,e0c2,1,0,6,1,1,0,Active,Stream Beat
1268,1268,0,f3c1,1,0,6,1,1,0,Active,Stream Beat
1269,1269,0,708,1,0,5,1,1,0,Active,Stream Beat
1270,1270,0,1a27,1,0,5,1,1,0,Active,Stream Beat
1271,1271,0,2cad,1,0,4,1,1,0,Active,Stream Beat
1272,1272,0,3e2f,1,0,4,1,1,0,Active,Stream Beat
1273,1273,0,4.00E+49,1,0,3,1,1,0,Active,Stream Beat
1274,1274,0,5c9b,1,0,2,1,1,0,Active,Stream Beat
1275,1275,0,68d4,1,0,1,1,1,0,Active,Stream Beat
1276,1276,0,72ac,1,0,0,1,1,0,Active,Stream Beat
1277,1277,0,7.90E+10,1,0,-1,1,1,0,Active,Stream Beat
1278,1278,0,7.00E+62,1,0,-2,1,1,0,Active,Stream Beat
1279,1279,0,7ffd,1,0,-3,1,1,0,Active,Stream Beat
1280,1280,0,7eb0,1,0,-4,1,1,0,Active,Stream Beat
1281,1281,0,7a84,1,0,-5,1,1,0,Active,Stream Beat
1282,1282,0,7390,1,0,-5,1,1,0,Active,Stream Beat
1283,1283,0,69fb,1,0,-6,1,1,0,Active,Stream Beat
1284,1284,0,5.00E+00,1,0,-7,1,1,0,Active,Stream Beat
1285,1285,0,4fe3,1,0,-7,1,1,0,Active,Stream Beat
1286,1286,0,3ff5,1,0,-7,1,1,0,Active,Stream Beat
1287,1287,0,2.00E+94,1,0,-7,1,1,0,Active,Stream Beat
1288,1288,0,1c24,1,0,-7,1,1,0,Active,Stream Beat
1289,1289,0,911,1,0,-7,1,1,0,Active,Stream Beat
1290,1290,0,f5c9,1,0,-7,1,1,0,Active,Stream Beat
1291,1291,0,e2bd,1,0,-6,1,1,0,Active,Stream Beat
1292,1292,0,d05a,1,0,-6,1,1,0,Active,Stream Beat
1293,1293,0,bf0c,1,0,-5,1,1,0,Active,Stream Beat
1294,1294,0,af38,1,0,-4,1,1,0,Active,Stream Beat
1295,1295,0,a139,1,0,-3,1,1,0,Active,Stream Beat
1296,1296,0,9560,1,0,-2,1,1,0,Active,Stream Beat
1297,1297,0,8bf3,1,0,-1,1,1,0,Active,Stream Beat
1298,1298,0,8529,1,0,0,1,1,0,Active,Stream Beat
1299,1299,0,8127,1,0,1,1,1,0,Active,Stream Beat
1300,1300,0,8007,1,0,2,1,1,0,Active,Stream Beat
1301,1301,0,81ce,1,0,2,1,1,0,Active,Stream Beat
1302,1302,0,8672,1,0,3,1,1,0,Active,Stream Beat
1303,1303,0,8dd8,1,0,4,1,1,0,Active,Stream Beat
1304,1304,0,97d7,1,0,5,1,1,0,Active,Stream Beat
1305,1305,0,a431,1,0,5,1,1,0,Active,Stream Beat
1306,1306,0,b2a1,1,0,6,1,1,0,Active,Stream Beat
1307,1307,0,c2d3,1,0,6,1,1,0,Active,Stream Beat
1308,1308,0,d468,1,0,6,1,1,0,Active,Stream Beat
1309,1309,0,e6f9,1,0,6,1,1,0,Active,Stream Beat
1310,1310,0,fa1e,1,0,6,1,1,0,Active,Stream Beat
1311,1311,0,0d64,1,0,5,1,1,0,Active,Stream Beat
1312,1312,0,205b,1,0,5,1,1,0,Active,Stream Beat
1313,1313,0,3298,1,0,4,1,1,0,Active,Stream Beat
1314,1314,0,43ae,1,0,3,1,1,0,Active,Stream Beat
1315,1315,0,533a,1,0,3,1,1,0,Active,Stream Beat
1316,1316,0,6.00E+05,1,0,2,1,1,0,Active,Stream Beat
1317,1317,0,6c5b,1,0,1,1,1,0,Active,Stream Beat
1318,1318,0,755c,1,0,0,1,1,0,Active,Stream Beat
1319,1319,0,7bb3,1,0,-1,1,1,0,Active,Stream Beat
1320,1320,0,7f3c,1,0,-2,1,1,0,Active,Stream Beat
1321,1321,0,7fe1,1,0,-3,1,1,0,Active,Stream Beat
1322,1322,0,7d9f,1,0,-4,1,1,0,Active,Stream Beat
1323,1323,0,7885,1,0,-5,1,1,0,Active,Stream Beat
1324,1324,0,70ae,1,0,-6,1,1,0,Active,Stream Beat
1325,1325,0,6647,1,0,-6,1,1,0,Active,Stream Beat
1326,1326,0,598f,1,0,-7,1,1,0,Active,Stream Beat
1327,1327,0,4ace,1,0,-7,1,1,0,Active,Stream Beat
1328,1328,0,3a5c,1,0,-7,1,1,0,Active,Stream Beat
1329,1329,0,2896,1,0,-7,1,1,0,Active,Stream Beat
1330,1330,0,1.50E+05,1,0,-7,1,1,0,Active,Stream Beat
1331,1331,0,02b3,1,0,-7,1,1,0,Active,Stream Beat
1332,1332,0,ef73,1,0,-7,1,1,0,Active,Stream Beat
1333,1333,0,dc91,1,0,-6,1,1,0,Active,Stream Beat
1334,1334,0,ca80,1,0,-5,1,1,0,Active,Stream Beat
1335,1335,0,b9a4,1,0,-5,1,1,0,Active,Stream Beat
1336,1336,0,aa60,1,0,-4,1,1,0,Active,Stream Beat
1337,1337,0,9d0f,1,0,-3,1,1,0,Active,Stream Beat
1338,1338,0,91fb,1,0,-2,1,1,0,Active,Stream Beat
1339,1339,0,8968,1,0,-1,1,1,0,Active,Stream Beat
1340,1340,0,8385,1,0,0,1,1,0,Active,Stream Beat
1341,1341,0,8076,1,0,1,1,1,0,Active,Stream Beat
1342,1342,0,804b,1,0,2,1,1,0,Active,Stream Beat
1343,1343,0,8306,1,0,3,1,1,0,Active,Stream Beat
1344,1344,0,8898,1,0,4,1,1,0,Active,Stream Beat
1345,1345,0,90de,1,0,4,1,1,0,Active,Stream Beat
1346,1346,0,9bab,1,0,5,1,1,0,Active,Stream Beat
1347,1347,0,a8bf,1,0,5,1,1,0,Active,Stream Beat
1348,1348,0,b7cd,1,0,6,1,1,0,Active,Stream Beat
1349,1349,0,c87f,1,0,6,1,1,0,Active,Stream Beat
1350,1350,0,da73,1,0,6,1,1,0,Active,Stream Beat
1351,1351,0,ed42,1,0,6,1,1,0,Active,Stream Beat
1352,1352,0,007d,1,0,5,1,1,0,Active,Stream Beat
1353,1353,0,13b5,1,0,5,1,1,0,Active,Stream Beat
1354,1354,0,267c,1,0,5,1,1,0,Active,Stream Beat
1355,1355,0,3862,1,0,4,1,1,0,Active,Stream Beat
1356,1356,0,4901,1,0,3,1,1,0,Active,Stream Beat
1357,1357,0,57f7,1,0,2,1,1,0,Active,Stream Beat
1358,1358,0,64ef,1,0,1,1,1,0,Active,Stream Beat
1359,1359,0,6f9c,1,0,0,1,1,0,Active,Stream Beat
1360,1360,0,77c2,1,0,-1,1,1,0,Active,Stream Beat
1361,1361,0,7d2f,1,0,-2,1,1,0,Active,Stream Beat
1362,1362,0,7fc4,1,0,-3,1,1,0,Active,Stream Beat
1363,1363,0,7f75,1,0,-4,1,1,0,Active,Stream Beat
1364,1364,0,7c40,1,0,-4,1,1,0,Active,Stream Beat
1365,1365,0,763a,1,0,-5,1,1,0,Active,Stream Beat
1366,1366,0,6d84,1,0,-6,1,1,0,Active,Stream Beat
1367,1367,0,6252,1,0,-6,1,1,0,Active,Stream Beat
1368,1368,0,5.40E+06,1,0,-7,1,1,0,Active,Stream Beat
1369,1369,0,458c,1,0,-7,1,1,0,Active,Stream Beat
1370,1370,0,349d,1,0,-7,1,1,0,Active,Stream Beat
1371,1371,0,227e,1,0,-7,1,1,0,Active,Stream Beat
1372,1372,0,0f96,1,0,-7,1,1,0,Active,Stream Beat
1373,1373,0,fc53,1,0,-7,1,1,0,Active,Stream Beat
1374,1374,0,e926,1,0,-6,1,1,0,Active,Stream Beat
1375,1375,0,d67d,1,0,-6,1,1,0,Active,Stream Beat
1376,1376,0,c4c6,1,0,-5,1,1,0,Active,Stream Beat
1377,1377,0,b467,1,0,-4,1,1,0,Active,Stream Beat
1378,1378,0,a5bf,1,0,-4,1,1,0,Active,Stream Beat
1379,1379,0,9923,1,0,-3,1,1,0,Active,Stream Beat
1380,1380,0,8edd,1,0,-2,1,1,0,Active,Stream Beat
1381,1381,0,8728,1,0,-1,1,1,0,Active,Stream Beat
1382,1382,0,8231,1,0,0,1,1,0,Active,Stream Beat
1383,1383,0,8015,1,0,1,1,1,0,Active,Stream Beat
1384,1384,0,8.00E+02,1,0,2,1,1,0,Active,Stream Beat
1385,1385,0,848e,1,0,3,1,1,0,Active,Stream Beat
1386,1386,0,8b08,1,0,4,1,1,0,Active,Stream Beat
1387,1387,0,942c,1,0,5,1,1,0,Active,Stream Beat
1388,1388,0,9fc0,1,0,5,1,1,0,Active,Stream Beat
1389,1389,0,ad84,1,0,5,1,1,0,Active,Stream Beat
1390,1390,0,bd27,1,0,6,1,1,0,Active,Stream Beat
1391,1391,0,ce4f,1,0,6,1,1,0,Active,Stream Beat
1392,1392,0,e097,1,0,6,1,1,0,Active,Stream Beat
1393,1393,0,f395,1,0,6,1,1,0,Active,Stream Beat
1394,1394,0,06dc,1,0,5,1,1,0,Active,Stream Beat
1395,1395,0,19fb,1,0,5,1,1,0,Active,Stream Beat
1396,1396,0,2c83,1,0,4,1,1,0,Active,Stream Beat
1397,1397,0,3.00E+08,1,0,4,1,1,0,Active,Stream Beat
1398,1398,0,4.00E+26,1,0,3,1,1,0,Active,Stream Beat
1399,1399,0,5c7d,1,0,2,1,1,0,Active,Stream Beat
1400,1400,0,68ba,1,0,1,1,1,0,Active,Stream Beat
1401,1401,0,7298,1,0,0,1,1,0,Active,Stream Beat
1402,1402,0,79db,1,0,-1,1,1,0,Active,Stream Beat
1403,1403,0,7e5b,1,0,-2,1,1,0,Active,Stream Beat
1404,1404,0,7ffc,1,0,-3,1,1,0,Active,Stream Beat
1405,1405,0,7eb7,1,0,-4,1,1,0,Active,Stream Beat
1406,1406,0,7a91,1,0,-5,1,1,0,Active,Stream Beat
1407,1407,0,73a3,1,0,-5,1,1,0,Active,Stream Beat
1408,1408,0,6a15,1,0,-6,1,1,0,Active,Stream Beat
1409,1409,0,5e1f,1,0,-7,1,1,0,Active,Stream Beat
1410,1410,0,5005,1,0,-7,1,1,0,Active,Stream Beat
1411,1411,0,401b,1,0,-7,1,1,0,Active,Stream Beat
1412,1412,0,2ebe,1,0,-7,1,1,0,Active,Stream Beat
1413,1413,0,1c50,1,0,-7,1,1,0,Active,Stream Beat
1414,1414,0,093d,1,0,-7,1,1,0,Active,Stream Beat
1415,1415,0,f5f6,1,0,-7,1,1,0,Active,Stream Beat
1416,1416,0,e2e8,1,0,-6,1,1,0,Active,Stream Beat
1417,1417,0,d083,1,0,-6,1,1,0,Active,Stream Beat
1418,1418,0,bf33,1,0,-5,1,1,0,Active,Stream Beat
1419,1419,0,af5a,1,0,-4,1,1,0,Active,Stream Beat
1420,1420,0,a157,1,0,-3,1,1,0,Active,Stream Beat
1421,1421,0,9579,1,0,-2,1,1,0,Active,Stream Beat
1422,1422,0,8c06,1,0,-1,1,1,0,Active,Stream Beat
1423,1423,0,8535,1,0,0,1,1,0,Active,Stream Beat
1424,1424,0,812d,1,0,1,1,1,0,Active,Stream Beat
1425,1425,0,8006,1,0,2,1,1,0,Active,Stream Beat
1426,1426,0,81c6,1,0,2,1,1,0,Active,Stream Beat
1427,1427,0,8664,1,0,3,1,1,0,Active,Stream Beat
1428,1428,0,8dc4,1,0,4,1,1,0,Active,Stream Beat
1429,1429,0,97bc,1,0,5,1,1,0,Active,Stream Beat
1430,1430,0,a411,1,0,5,1,1,0,Active,Stream Beat
1431,1431,0,b27e,1,0,6,1,1,0,Active,Stream Beat
1432,1432,0,c2ab,1,0,6,1,1,0,Active,Stream Beat
1433,1433,0,d43e,1,0,6,1,1,0,Active,Stream Beat
1434,1434,0,e6ce,1,0,6,1,1,0,Active,Stream Beat
1435,1435,0,f9f0,1,0,6,1,1,0,Active,Stream Beat
1436,1436,0,0d37,1,0,5,1,1,0,Active,Stream Beat
1437,1437,0,2030,1,0,5,1,1,0,Active,Stream Beat
1438,1438,0,326f,1,0,4,1,1,0,Active,Stream Beat
1439,1439,0,4388,1,0,3,1,1,0,Active,Stream Beat
1440,1440,0,5318,1,0,3,1,1,0,Active,Stream Beat
1441,1441,0,60c7,1,0,2,1,1,0,Active,Stream Beat
1442,1442,0,6c42,1,0,1,1,1,0,Active,Stream Beat
1443,1443,0,754a,1,0,0,1,1,0,Active,Stream Beat
1444,1444,0,7ba7,1,0,-1,1,1,0,Active,Stream Beat
1445,1445,0,7f37,1,0,-2,1,1,0,Active,Stream Beat
1446,1446,0,7fe3,1,0,-3,1,1,0,Active,Stream Beat
1447,1447,0,7da8,1,0,-4,1,1,0,Active,Stream Beat
1448,1448,0,7894,1,0,-5,1,1,0,Active,Stream Beat
1449,1449,0,70c2,1,0,-6,1,1,0,Active,Stream Beat
1450,1450,0,6663,1,0,-6,1,1,0,Active,Stream Beat
1451,1451,0,59b0,1,0,-7,1,1,0,Active,Stream Beat
1452,1452,0,4af3,1,0,-7,1,1,0,Active,Stream Beat
1453,1453,0,3a84,1,0,-7,1,1,0,Active,Stream Beat
1454,1454,0,28c0,1,0,-7,1,1,0,Active,Stream Beat
1455,1455,0,1610,1,0,-7,1,1,0,Active,Stream Beat
1456,1456,0,2.00E+00,1,0,-7,1,1,0,Active,Stream Beat
1457,1457,0,ef9e,1,0,-7,1,1,0,Active,Stream Beat
1458,1458,0,dcbd,1,0,-6,1,1,0,Active,Stream Beat
1459,1459,0,caa8,1,0,-5,1,1,0,Active,Stream Beat
1460,1460,0,b9c9,1,0,-5,1,1,0,Active,Stream Beat
1461,1461,0,aa82,1,0,-4,1,1,0,Active,Stream Beat
1462,1462,0,9d2a,1,0,-3,1,1,0,Active,Stream Beat
1463,1463,0,9213,1,0,-2,1,1,0,Active,Stream Beat
1464,1464,0,8979,1,0,-1,1,1,0,Active,Stream Beat
1465,1465,0,838f,1,0,0,1,1,0,Active,Stream Beat
1466,1466,0,807a,1,0,1,1,1,0,Active,Stream Beat
1467,1467,0,8048,1,0,2,1,1,0,Active,Stream Beat
1468,1468,0,82fc,1,0,3,1,1,0,Active,Stream Beat
1469,1469,0,8888,1,0,4,1,1,0,Active,Stream Beat
1470,1470,0,90c9,1,0,4,1,1,0,Active,Stream Beat
1471,1471,0,9b8f,1,0,5,1,1,0,Active,Stream Beat
1472,1472,0,a89e,1,0,5,1,1,0,Active,Stream Beat
1473,1473,0,b7a8,1,0,6,1,1,0,Active,Stream Beat
1474,1474,0,c857,1,0,6,1,1,0,Active,Stream Beat
1475,1475,0,da48,1,0,6,1,1,0,Active,Stream Beat
1476,1476,0,ed16,1,0,6,1,1,0,Active,Stream Beat
1477,1477,0,50,1,0,6,1,1,0,Active,Stream Beat
1478,1478,0,1389,1,0,5,1,1,0,Active,Stream Beat
1479,1479,0,2651,1,0,5,1,1,0,Active,Stream Beat
1480,1480,0,383a,1,0,4,1,1,0,Active,Stream Beat
1481,1481,0,48dc,1,0,3,1,1,0,Active,Stream Beat
1482,1482,0,57d7,1,0,2,1,1,0,Active,Stream Beat
1483,1483,0,64d4,1,0,1,1,1,0,Active,Stream Beat
1484,1484,0,6f87,1,0,0,1,1,0,Active,Stream Beat
1485,1485,0,77b1,1,0,-1,1,1,0,Active,Stream Beat
1486,1486,0,7d25,1,0,-2,1,1,0,Active,Stream Beat
1487,1487,0,7fc2,1,0,-3,1,1,0,Active,Stream Beat
1488,1488,0,7f79,1,0,-3,1,1,0,Active,Stream Beat
1489,1489,0,7c4a,1,0,-4,1,1,0,Active,Stream Beat
1490,1490,0,764a,1,0,-5,1,1,0,Active,Stream Beat
1491,1491,0,6d9b,1,0,-6,1,1,0,Active,Stream Beat
1492,1492,0,626f,1,0,-6,1,1,0,Active,Stream Beat
1493,1493,0,5507,1,0,-7,1,1,0,Active,Stream Beat
1494,1494,0,45b1,1,0,-7,1,1,0,Active,Stream Beat
1495,1495,0,34c6,1,0,-7,1,1,0,Active,Stream Beat
1496,1496,0,22a9,1,0,-7,1,1,0,Active,Stream Beat
1497,1497,0,0fc2,1,0,-7,1,1,0,Active,Stream Beat
1498,1498,0,fc80,1,0,-7,1,1,0,Active,Stream Beat
1499,1499,0,e952,1,0,-7,1,1,0,Active,Stream Beat
1500,1500,0,d6a7,1,0,-6,1,1,0,Active,Stream Beat
1501,1501,0,c4ed,1,0,-5,1,1,0,Active,Stream Beat
1502,1502,0,b48b,1,0,-4,1,1,0,Active,Stream Beat
1503,1503,0,a5df,1,0,-4,1,1,0,Active,Stream Beat
1504,1504,0,993e,1,0,-3,1,1,0,Active,Stream Beat
1505,1505,0,8ef2,1,0,-2,1,1,0,Active,Stream Beat
1506,1506,0,8737,1,0,-1,1,1,0,Active,Stream Beat
1507,1507,0,823a,1,0,0,1,1,0,Active,Stream Beat
1508,1508,0,8016,1,0,1,1,1,0,Active,Stream Beat
1509,1509,0,80dc,1,0,2,1,1,0,Active,Stream Beat
1510,1510,0,8482,1,0,3,1,1,0,Active,Stream Beat
1511,1511,0,8af7,1,0,4,1,1,0,Active,Stream Beat
1512,1512,0,9413,1,0,4,1,1,0,Active,Stream Beat
1513,1513,0,9fa2,1,0,5,1,1,0,Active,Stream Beat
1514,1514,0,ad62,1,0,5,1,1,0,Active,Stream Beat
1515,1515,0,bd01,1,0,6,1,1,0,Active,Stream Beat
1516,1516,0,ce25,1,0,6,1,1,0,Active,Stream Beat
1517,1517,0,e06b,1,0,6,1,1,0,Active,Stream Beat
1518,1518,0,f368,1,0,6,1,1,0,Active,Stream Beat
1519,1519,0,06af,1,0,5,1,1,0,Active,Stream Beat
1520,1520,0,19d0,1,0,5,1,1,0,Active,Stream Beat
1521,1521,0,2c59,1,0,4,1,1,0,Active,Stream Beat
1522,1522,0,3de1,1,0,4,1,1,0,Active,Stream Beat
1523,1523,0,4.00E+02,1,0,3,1,1,0,Active,Stream Beat
1524,1524,0,5c5d,1,0,2,1,1,0,Active,Stream Beat
1525,1525,0,68a1,1,0,1,1,1,0,Active,Stream Beat
1526,1526,0,7284,1,0,0,1,1,0,Active,Stream Beat
1527,1527,0,79cd,1,0,-1,1,1,0,Active,Stream Beat
1528,1528,0,7.00E+54,1,0,-2,1,1,0,Active,Stream Beat
1529,1529,0,7ffc,1,0,-3,1,1,0,Active,Stream Beat
1530,1530,0,7ebd,1,0,-4,1,1,0,Active,Stream Beat
1531,1531,0,7a9e,1,0,-5,1,1,0,Active,Stream Beat
1532,1532,0,73b6,1,0,-5,1,1,0,Active,Stream Beat
1533,1533,0,6a2e,1,0,-6,1,1,0,Active,Stream Beat
1534,1534,0,5e3d,1,0,-7,1,1,0,Active,Stream Beat
1535,1535,0,5028,1,0,-7,1,1,0,Active,Stream Beat
1536,1536,0,4042,1,0,-7,1,1,0,Active,Stream Beat
1537,1537,0,2ee7,1,0,-7,1,1,0,Active,Stream Beat
1538,1538,0,1c7b,1,0,-7,1,1,0,Active,Stream Beat
1539,1539,0,096a,1,0,-7,1,1,0,Active,Stream Beat
1540,1540,0,f622,1,0,-7,1,1,0,Active,Stream Beat
1541,1541,0,e314,1,0,-6,1,1,0,Active,Stream Beat
1542,1542,0,d0ad,1,0,-6,1,1,0,Active,Stream Beat
1543,1543,0,bf5a,1,0,-5,1,1,0,Active,Stream Beat
1544,1544,0,af7d,1,0,-4,1,1,0,Active,Stream Beat
1545,1545,0,a175,1,0,-3,1,1,0,Active,Stream Beat
1546,1546,0,9592,1,0,-2,1,1,0,Active,Stream Beat
1547,1547,0,8c19,1,0,-1,1,1,0,Active,Stream Beat
1548,1548,0,8542,1,0,0,1,1,0,Active,Stream Beat
1549,1549,0,8133,1,0,1,1,1,0,Active,Stream Beat
1550,1550,0,8005,1,0,2,1,1,0,Active,Stream Beat
1551,1551,0,81bf,1,0,3,1,1,0,Active,Stream Beat
1552,1552,0,8656,1,0,3,1,1,0,Active,Stream Beat
1553,1553,0,8db0,1,0,4,1,1,0,Active,Stream Beat
1554,1554,0,97a2,1,0,5,1,1,0,Active,Stream Beat
1555,1555,0,a3f2,1,0,5,1,1,0,Active,Stream Beat
1556,1556,0,b25a,1,0,6,1,1,0,Active,Stream Beat
1557,1557,0,c284,1,0,6,1,1,0,Active,Stream Beat
1558,1558,0,d413,1,0,6,1,1,0,Active,Stream Beat
1559,1559,0,e6a2,1,0,6,1,1,0,Active,Stream Beat
1560,1560,0,f9c4,1,0,6,1,1,0,Active,Stream Beat
1561,1561,0,0d0b,1,0,5,1,1,0,Active,Stream Beat
1562,1562,0,2005,1,0,5,1,1,0,Active,Stream Beat
1563,1563,0,3245,1,0,4,1,1,0,Active,Stream Beat
1564,1564,0,4361,1,0,3,1,1,0,Active,Stream Beat
1565,1565,0,52f7,1,0,3,1,1,0,Active,Stream Beat
1566,1566,0,60aa,1,0,2,1,1,0,Active,Stream Beat
1567,1567,0,6c2b,1,0,1,1,1,0,Active,Stream Beat
1568,1568,0,7538,1,0,0,1,1,0,Active,Stream Beat
1569,1569,0,7b9c,1,0,-1,1,1,0,Active,Stream Beat
1570,1570,0,7f32,1,0,-2,1,1,0,Active,Stream Beat
1571,1571,0,7fe5,1,0,-3,1,1,0,Active,Stream Beat
1572,1572,0,7db0,1,0,-4,1,1,0,Active,Stream Beat
1573,1573,0,78a3,1,0,-5,1,1,0,Active,Stream Beat
1574,1574,0,70d7,1,0,-6,1,1,0,Active,Stream Beat
1575,1575,0,667d,1,0,-6,1,1,0,Active,Stream Beat
1576,1576,0,59d0,1,0,-7,1,1,0,Active,Stream Beat
1577,1577,0,4b17,1,0,-7,1,1,0,Active,Stream Beat
1578,1578,0,3aab,1,0,-7,1,1,0,Active,Stream Beat
1579,1579,0,28ea,1,0,-7,1,1,0,Active,Stream Beat
1580,1580,0,163c,1,0,-7,1,1,0,Active,Stream Beat
1581,1581,0,030d,1,0,-7,1,1,0,Active,Stream Beat
1582,1582,0,efcb,1,0,-7,1,1,0,Active,Stream Beat
1583,1583,0,dce8,1,0,-6,1,1,0,Active,Stream Beat
1584,1584,0,cad0,1,0,-6,1,1,0,Active,Stream Beat
1585,1585,0,b9ee,1,0,-5,1,1,0,Active,Stream Beat
1586,1586,0,aaa3,1,0,-4,1,1,0,Active,Stream Beat
1587,1587,0,9d47,1,0,-3,1,1,0,Active,Stream Beat
1588,1588,0,922a,1,0,-2,1,1,0,Active,Stream Beat
1589,1589,0,898a,1,0,-1,1,1,0,Active,Stream Beat
1590,1590,0,839a,1,0,0,1,1,0,Active,Stream Beat
1591,1591,0,807d,1,0,1,1,1,0,Active,Stream Beat
1592,1592,0,8045,1,0,2,1,1,0,Active,Stream Beat
1593,1593,0,82f3,1,0,3,1,1,0,Active,Stream Beat
1594,1594,0,8878,1,0,4,1,1,0,Active,Stream Beat
1595,1595,0,90b3,1,0,4,1,1,0,Active,Stream Beat
1596,1596,0,9b74,1,0,5,1,1,0,Active,Stream Beat
1597,1597,0,a87d,1,0,5,1,1,0,Active,Stream Beat
1598,1598,0,b783,1,0,6,1,1,0,Active,Stream Beat
1599,1599,0,c82e,1,0,6,1,1,0,Active,Stream Beat
1600,1600,0,da1d,1,0,6,1,1,0,Active,Stream Beat
1601,1601,0,ecea,1,0,6,1,1,0,Active,Stream Beat
1602,1602,0,23,1,0,6,1,1,0,Active,Stream Beat
1603,1603,0,135d,1,0,5,1,1,0,Active,Stream Beat
1604,1604,0,2626,1,0,5,1,1,0,Active,Stream Beat
1605,1605,0,3812,1,0,4,1,1,0,Active,Stream Beat
1606,1606,0,48b7,1,0,3,1,1,0,Active,Stream Beat
1607,1607,0,57b6,1,0,2,1,1,0,Active,Stream Beat
1608,1608,0,64b8,1,0,1,1,1,0,Active,Stream Beat
1609,1609,0,6f71,1,0,0,1,1,0,Active,Stream Beat
1610,1610,0,77a1,1,0,-1,1,1,0,Active,Stream Beat
1611,1611,0,7d1c,1,0,-2,1,1,0,Active,Stream Beat
1612,1612,0,7fbf,1,0,-3,1,1,0,Active,Stream Beat
1613,1613,0,7f7d,1,0,-4,1,1,0,Active,Stream Beat
1614,1614,0,7c55,1,0,-4,1,1,0,Active,Stream Beat
1615,1615,0,765b,1,0,-5,1,1,0,Active,Stream Beat
1616,1616,0,6db2,1,0,-6,1,1,0,Active,Stream Beat
1617,1617,0,628c,1,0,-6,1,1,0,Active,Stream Beat
1618,1618,0,5528,1,0,-7,1,1,0,Active,Stream Beat
1619,1619,0,45d6,1,0,-7,1,1,0,Active,Stream Beat
1620,1620,0,34ef,1,0,-7,1,1,0,Active,Stream Beat
1621,1621,0,22d4,1,0,-7,1,1,0,Active,Stream Beat
1622,1622,0,0fef,1,0,-7,1,1,0,Active,Stream Beat
1623,1623,0,fcad,1,0,-7,1,1,0,Active,Stream Beat
1624,1624,0,e97e,1,0,-6,1,1,0,Active,Stream Beat
1625,1625,0,d6d3,1,0,-6,1,1,0,Active,Stream Beat
1626,1626,0,c516,1,0,-5,1,1,0,Active,Stream Beat
1627,1627,0,b4af,1,0,-4,1,1,0,Active,Stream Beat
1628,1628,0,a5ff,1,0,-4,1,1,0,Active,Stream Beat
1629,1629,0,9958,1,0,-3,1,1,0,Active,Stream Beat
1630,1630,0,8f07,1,0,-2,1,1,0,Active,Stream Beat
1631,1631,0,8746,1,0,-1,1,1,0,Active,Stream Beat
1632,1632,0,8242,1,0,0,1,1,0,Active,Stream Beat
1633,1633,0,8018,1,0,1,1,1,0,Active,Stream Beat
1634,1634,0,80d6,1,0,2,1,1,0,Active,Stream Beat
1635,1635,0,8476,1,0,3,1,1,0,Active,Stream Beat
1636,1636,0,8ae5,1,0,4,1,1,0,Active,Stream Beat
1637,1637,0,93fb,1,0,5,1,1,0,Active,Stream Beat
1638,1638,0,9f85,1,0,5,1,1,0,Active,Stream Beat
1639,1639,0,ad3f,1,0,5,1,1,0,Active,Stream Beat
1640,1640,0,bcdb,1,0,6,1,1,0,Active,Stream Beat
1641,1641,0,cdfc,1,0,6,1,1,0,Active,Stream Beat
1642,1642,0,e040,1,0,6,1,1,0,Active,Stream Beat
1643,1643,0,f33c,1,0,6,1,1,0,Active,Stream Beat
1644,1644,0,683,1,0,5,1,1,0,Active,Stream Beat
1645,1645,0,19a3,1,0,5,1,1,0,Active,Stream Beat
1646,1646,0,2c2f,1,0,4,1,1,0,Active,Stream Beat
1647,1647,0,3dba,1,0,4,1,1,0,Active,Stream Beat
1648,1648,0,4ddf,1,0,3,1,1,0,Active,Stream Beat
1649,1649,0,5c3e,1,0,2,1,1,0,Active,Stream Beat
1650,1650,0,6887,1,0,1,1,1,0,Active,Stream Beat
1651,1651,0,7270,1,0,0,1,1,0,Active,Stream Beat
1652,1652,0,79c0,1,0,-1,1,1,0,Active,Stream Beat
1653,1653,0,7e4d,1,0,-2,1,1,0,Active,Stream Beat
1654,1654,0,7ffc,1,0,-3,1,1,0,Active,Stream Beat
1655,1655,0,7ec3,1,0,-4,1,1,0,Active,Stream Beat
1656,1656,0,7aab,1,0,-5,1,1,0,Active,Stream Beat
1657,1657,0,73c9,1,0,-5,1,1,0,Active,Stream Beat
1658,1658,0,6a47,1,0,-6,1,1,0,Active,Stream Beat
1659,1659,0,5e5b,1,0,-7,1,1,0,Active,Stream Beat
1660,1660,0,504c,1,0,-7,1,1,0,Active,Stream Beat
1661,1661,0,4069,1,0,-7,1,1,0,Active,Stream Beat
1662,1662,0,2f11,1,0,-7,1,1,0,Active,Stream Beat
1663,1663,0,1ca7,1,0,-7,1,1,0,Active,Stream Beat
1664,1664,0,997,1,0,-7,1,1,0,Active,Stream Beat
1665,1665,0,f64f,1,0,-7,1,1,0,Active,Stream Beat
1666,1666,0,e33f,1,0,-6,1,1,0,Active,Stream Beat
1667,1667,0,d0d7,1,0,-6,1,1,0,Active,Stream Beat
1668,1668,0,bf80,1,0,-5,1,1,0,Active,Stream Beat
1669,1669,0,afa0,1,0,-4,1,1,0,Active,Stream Beat
1670,1670,0,a194,1,0,-3,1,1,0,Active,Stream Beat
1671,1671,0,95ab,1,0,-2,1,1,0,Active,Stream Beat
1672,1672,0,8c2c,1,0,-1,1,1,0,Active,Stream Beat
1673,1673,0,854e,1,0,0,1,1,0,Active,Stream Beat
1674,1674,0,8139,1,0,1,1,1,0,Active,Stream Beat
1675,1675,0,8005,1,0,2,1,1,0,Active,Stream Beat
1676,1676,0,81b7,1,0,2,1,1,0,Active,Stream Beat
1677,1677,0,8649,1,0,3,1,1,0,Active,Stream Beat
1678,1678,0,8d9c,1,0,4,1,1,0,Active,Stream Beat
1679,1679,0,9788,1,0,5,1,1,0,Active,Stream Beat
1680,1680,0,a3d4,1,0,5,1,1,0,Active,Stream Beat
1681,1681,0,b236,1,0,6,1,1,0,Active,Stream Beat
1682,1682,0,c25d,1,0,6,1,1,0,Active,Stream Beat
1683,1683,0,d3e9,1,0,6,1,1,0,Active,Stream Beat
1684,1684,0,e676,1,0,6,1,1,0,Active,Stream Beat
1685,1685,0,f997,1,0,6,1,1,0,Active,Stream Beat
1686,1686,0,0cde,1,0,5,1,1,0,Active,Stream Beat
1687,1687,0,1fda,1,0,5,1,1,0,Active,Stream Beat
1688,1688,0,321c,1,0,4,1,1,0,Active,Stream Beat
1689,1689,0,433b,1,0,3,1,1,0,Active,Stream Beat
1690,1690,0,52d4,1,0,3,1,1,0,Active,Stream Beat
1691,1691,0,608c,1,0,2,1,1,0,Active,Stream Beat
1692,1692,0,6c13,1,0,1,1,1,0,Active,Stream Beat
1693,1693,0,7526,1,0,0,1,1,0,Active,Stream Beat
1694,1694,0,7b90,1,0,-1,1,1,0,Active,Stream Beat
1695,1695,0,7f2d,1,0,-2,1,1,0,Active,Stream Beat
1696,1696,0,7fe7,1,0,-3,1,1,0,Active,Stream Beat
1697,1697,0,7db9,1,0,-4,1,1,0,Active,Stream Beat
1698,1698,0,78b2,1,0,-5,1,1,0,Active,Stream Beat
1699,1699,0,70ed,1,0,-6,1,1,0,Active,Stream Beat
1700,1700,0,6698,1,0,-6,1,1,0,Active,Stream Beat
1701,1701,0,59ef,1,0,-7,1,1,0,Active,Stream Beat
1702,1702,0,4b3c,1,0,-7,1,1,0,Active,Stream Beat
1703,1703,0,3ad3,1,0,-7,1,1,0,Active,Stream Beat
1704,1704,0,2915,1,0,-7,1,1,0,Active,Stream Beat
1705,1705,0,1668,1,0,-7,1,1,0,Active,Stream Beat
1706,1706,0,339,1,0,-7,1,1,0,Active,Stream Beat
1707,1707,0,eff7,1,0,-7,1,1,0,Active,Stream Beat
1708,1708,0,dd13,1,0,-6,1,1,0,Active,Stream Beat
1709,1709,0,caf9,1,0,-5,1,1,0,Active,Stream Beat
1710,1710,0,ba14,1,0,-5,1,1,0,Active,Stream Beat
1711,1711,0,aac5,1,0,-4,1,1,0,Active,Stream Beat
1712,1712,0,9d63,1,0,-3,1,1,0,Active,Stream Beat
1713,1713,0,9241,1,0,-2,1,1,0,Active,Stream Beat
1714,1714,0,899b,1,0,-1,1,1,0,Active,Stream Beat
1715,1715,0,83a5,1,0,0,1,1,0,Active,Stream Beat
1716,1716,0,8081,1,0,1,1,1,0,Active,Stream Beat
1717,1717,0,8043,1,0,2,1,1,0,Active,Stream Beat
1718,1718,0,82ea,1,0,3,1,1,0,Active,Stream Beat
1719,1719,0,8868,1,0,4,1,1,0,Active,Stream Beat
1720,1720,0,909c,1,0,4,1,1,0,Active,Stream Beat
1721,1721,0,9b58,1,0,5,1,1,0,Active,Stream Beat
1722,1722,0,a85c,1,0,5,1,1,0,Active,Stream Beat
1723,1723,0,b75f,1,0,6,1,1,0,Active,Stream Beat
1724,1724,0,c806,1,0,6,1,1,0,Active,Stream Beat
1725,1725,0,d9f3,1,0,6,1,1,0,Active,Stream Beat
1726,1726,0,ecbd,1,0,6,1,1,0,Active,Stream Beat
1727,1727,0,fff7,1,0,6,1,1,0,Active,Stream Beat
1728,1728,0,1331,1,0,5,1,1,0,Active,Stream Beat
1729,1729,0,25fc,1,0,5,1,1,0,Active,Stream Beat
1730,1730,0,37ea,1,0,4,1,1,0,Active,Stream Beat
1731,1731,0,4892,1,0,3,1,1,0,Active,Stream Beat
1732,1732,0,5796,1,0,2,1,1,0,Active,Stream Beat
1733,1733,0,649d,1,0,1,1,1,0,Active,Stream Beat
1734,1734,0,6f5a,1,0,0,1,1,0,Active,Stream Beat
1735,1735,0,7792,1,0,-1,1,1,0,Active,Stream Beat
1736,1736,0,7d13,1,0,-2,1,1,0,Active,Stream Beat
1737,1737,0,7fbc,1,0,-3,1,1,0,Active,Stream Beat
1738,1738,0,7f81,1,0,-4,1,1,0,Active,Stream Beat
1739,1739,0,7c60,1,0,-4,1,1,0,Active,Stream Beat
1740,1740,0,766c,1,0,-5,1,1,0,Active,Stream Beat
1741,1741,0,6dc9,1,0,-6,1,1,0,Active,Stream Beat
1742,1742,0,62a9,1,0,-6,1,1,0,Active,Stream Beat
1743,1743,0,5549,1,0,-7,1,1,0,Active,Stream Beat
1744,1744,0,45fc,1,0,-7,1,1,0,Active,Stream Beat
1745,1745,0,3518,1,0,-7,1,1,0,Active,Stream Beat
1746,1746,0,22ff,1,0,-7,1,1,0,Active,Stream Beat
1747,1747,0,101c,1,0,-7,1,1,0,Active,Stream Beat
1748,1748,0,fcda,1,0,-7,1,1,0,Active,Stream Beat
1749,1749,0,e9aa,1,0,-7,1,1,0,Active,Stream Beat
1750,1750,0,d6fd,1,0,-6,1,1,0,Active,Stream Beat
1751,1751,0,c53e,1,0,-5,1,1,0,Active,Stream Beat
1752,1752,0,b4d3,1,0,-5,1,1,0,Active,Stream Beat
1753,1753,0,a61e,1,0,-4,1,1,0,Active,Stream Beat
1754,1754,0,9973,1,0,-3,1,1,0,Active,Stream Beat
1755,1755,0,8f1c,1,0,-2,1,1,0,Active,Stream Beat
1756,1756,0,8755,1,0,-1,1,1,0,Active,Stream Beat
1757,1757,0,824b,1,0,0,1,1,0,Active,Stream Beat
1758,1758,0,801a,1,0,1,1,1,0,Active,Stream Beat
1759,1759,0,80d1,1,0,2,1,1,0,Active,Stream Beat
1760,1760,0,846b,1,0,3,1,1,0,Active,Stream Beat
1761,1761,0,8ad2,1,0,4,1,1,0,Active,Stream Beat
1762,1762,0,9.30E+04,1,0,4,1,1,0,Active,Stream Beat
1763,1763,0,9f68,1,0,5,1,1,0,Active,Stream Beat
1764,1764,0,ad1d,1,0,5,1,1,0,Active,Stream Beat
1765,1765,0,bcb5,1,0,6,1,1,0,Active,Stream Beat
1766,1766,0,cdd3,1,0,6,1,1,0,Active,Stream Beat
1767,1767,0,e015,1,0,6,1,1,0,Active,Stream Beat
1768,1768,0,f30f,1,0,6,1,1,0,Active,Stream Beat
1769,1769,0,656,1,0,5,1,1,0,Active,Stream Beat
1770,1770,0,1977,1,0,5,1,1,0,Active,Stream Beat
1771,1771,0,2c05,1,0,4,1,1,0,Active,Stream Beat
1772,1772,0,3d93,1,0,4,1,1,0,Active,Stream Beat
1773,1773,0,4dbb,1,0,3,1,1,0,Active,Stream Beat
1774,1774,0,5c20,1,0,2,1,1,0,Active,Stream Beat
1775,1775,0,686d,1,0,1,1,1,0,Active,Stream Beat
1776,1776,0,725c,1,0,0,1,1,0,Active,Stream Beat
1777,1777,0,79b2,1,0,-1,1,1,0,Active,Stream Beat
1778,1778,0,7.00E+46,1,0,-2,1,1,0,Active,Stream Beat
1779,1779,0,7ffb,1,0,-3,1,1,0,Active,Stream Beat
1780,1780,0,7ec9,1,0,-4,1,1,0,Active,Stream Beat
1781,1781,0,7ab7,1,0,-5,1,1,0,Active,Stream Beat
1782,1782,0,73dc,1,0,-5,1,1,0,Active,Stream Beat
1783,1783,0,6a60,1,0,-6,1,1,0,Active,Stream Beat
1784,1784,0,5.00E+79,1,0,-7,1,1,0,Active,Stream Beat
1785,1785,0,506f,1,0,-7,1,1,0,Active,Stream Beat
1786,1786,0,4090,1,0,-7,1,1,0,Active,Stream Beat
1787,1787,0,2f3b,1,0,-7,1,1,0,Active,Stream Beat
1788,1788,0,1cd3,1,0,-7,1,1,0,Active,Stream Beat
1789,1789,0,09c4,1,0,-7,1,1,0,Active,Stream Beat
1790,1790,0,f67b,1,0,-7,1,1,0,Active,Stream Beat
1791,1791,0,e36b,1,0,-6,1,1,0,Active,Stream Beat
1792,1792,0,d101,1,0,-6,1,1,0,Active,Stream Beat
1793,1793,0,bfa7,1,0,-5,1,1,0,Active,Stream Beat
1794,1794,0,afc3,1,0,-4,1,1,0,Active,Stream Beat
1795,1795,0,a1b2,1,0,-3,1,1,0,Active,Stream Beat
1796,1796,0,95c4,1,0,-2,1,1,0,Active,Stream Beat
1797,1797,0,8c3f,1,0,-1,1,1,0,Active,Stream Beat
1798,1798,0,855b,1,0,0,1,1,0,Active,Stream Beat
1799,1799,0,8140,1,0,1,1,1,0,Active,Stream Beat
1800,1800,0,8004,1,0,2,1,1,0,Active,Stream Beat
1801,1801,0,81b0,1,0,2,1,1,0,Active,Stream Beat
1802,1802,0,863b,1,0,3,1,1,0,Active,Stream Beat
1803,1803,0,8d88,1,0,4,1,1,0,Active,Stream Beat
1804,1804,0,976f,1,0,5,1,1,0,Active,Stream Beat
1805,1805,0,a3b5,1,0,5,1,1,0,Active,Stream Beat
1806,1806,0,b213,1,0,6,1,1,0,Active,Stream Beat
1807,1807,0,c236,1,0,6,1,1,0,Active,Stream Beat
1808,1808,0,d3c0,1,0,6,1,1,0,Active,Stream Beat
1809,1809,0,e64b,1,0,6,1,1,0,Active,Stream Beat
1810,1810,0,f96b,1,0,6,1,1,0,Active,Stream Beat
1811,1811,0,0cb2,1,0,5,1,1,0,Active,Stream Beat
1812,1812,0,1fae,1,0,5,1,1,0,Active,Stream Beat
1813,1813,0,31f3,1,0,4,1,1,0,Active,Stream Beat
1814,1814,0,4316,1,0,3,1,1,0,Active,Stream Beat
1815,1815,0,52b2,1,0,3,1,1,0,Active,Stream Beat
1816,1816,0,606f,1,0,2,1,1,0,Active,Stream Beat
1817,1817,0,6bfb,1,0,1,1,1,0,Active,Stream Beat
1818,1818,0,7514,1,0,0,1,1,0,Active,Stream Beat
1819,1819,0,7b85,1,0,-1,1,1,0,Active,Stream Beat
1820,1820,0,7f27,1,0,-2,1,1,0,Active,Stream Beat
1821,1821,0,7fe9,1,0,-3,1,1,0,Active,Stream Beat
1822,1822,0,7dc1,1,0,-4,1,1,0,Active,Stream Beat
1823,1823,0,78c0,1,0,-5,1,1,0,Active,Stream Beat
1824,1824,0,7102,1,0,-6,1,1,0,Active,Stream Beat
1825,1825,0,66b3,1,0,-6,1,1,0,Active,Stream Beat
1826,1826,0,5a0f,1,0,-7,1,1,0,Active,Stream Beat
1827,1827,0,4b60,1,0,-7,1,1,0,Active,Stream Beat
1828,1828,0,3afb,1,0,-7,1,1,0,Active,Stream Beat
1829,1829,0,293f,1,0,-7,1,1,0,Active,Stream Beat
1830,1830,0,1694,1,0,-7,1,1,0,Active,Stream Beat
1831,1831,0,366,1,0,-7,1,1,0,Active,Stream Beat
1832,1832,0,f024,1,0,-7,1,1,0,Active,Stream Beat
1833,1833,0,dd3e,1,0,-6,1,1,0,Active,Stream Beat
1834,1834,0,cb22,1,0,-6,1,1,0,Active,Stream Beat
1835,1835,0,ba39,1,0,-5,1,1,0,Active,Stream Beat
1836,1836,0,aae6,1,0,-4,1,1,0,Active,Stream Beat
1837,1837,0,9d80,1,0,-3,1,1,0,Active,Stream Beat
1838,1838,0,9258,1,0,-2,1,1,0,Active,Stream Beat
1839,1839,0,89ac,1,0,-1,1,1,0,Active,Stream Beat
1840,1840,0,83b0,1,0,0,1,1,0,Active,Stream Beat
1841,1841,0,8085,1,0,1,1,1,0,Active,Stream Beat
1842,1842,0,8040,1,0,2,1,1,0,Active,Stream Beat
1843,1843,0,8.20E+01,1,0,3,1,1,0,Active,Stream Beat
1844,1844,0,8858,1,0,4,1,1,0,Active,Stream Beat
1845,1845,0,9086,1,0,4,1,1,0,Active,Stream Beat
1846,1846,0,9b3c,1,0,5,1,1,0,Active,Stream Beat
1847,1847,0,a83c,1,0,5,1,1,0,Active,Stream Beat
1848,1848,0,b739,1,0,6,1,1,0,Active,Stream Beat
1849,1849,0,c7dd,1,0,6,1,1,0,Active,Stream Beat
1850,1850,0,d9c8,1,0,6,1,1,0,Active,Stream Beat
1851,1851,0,ec90,1,0,6,1,1,0,Active,Stream Beat
1852,1852,0,ffca,1,0,6,1,1,0,Active,Stream Beat
1853,1853,0,1304,1,0,5,1,1,0,Active,Stream Beat
1854,1854,0,25d1,1,0,5,1,1,0,Active,Stream Beat
1855,1855,0,37c1,1,0,4,1,1,0,Active,Stream Beat
1856,1856,0,486d,1,0,3,1,1,0,Active,Stream Beat
1857,1857,0,5775,1,0,2,1,1,0,Active,Stream Beat
1858,1858,0,6481,1,0,1,1,1,0,Active,Stream Beat
1859,1859,0,6f44,1,0,0,1,1,0,Active,Stream Beat
1860,1860,0,7781,1,0,-1,1,1,0,Active,Stream Beat
1861,1861,0,7d09,1,0,-2,1,1,0,Active,Stream Beat
1862,1862,0,7fba,1,0,-3,1,1,0,Active,Stream Beat
1863,1863,0,7f85,1,0,-4,1,1,0,Active,Stream Beat
1864,1864,0,7c6a,1,0,-4,1,1,0,Active,Stream Beat
1865,1865,0,767d,1,0,-5,1,1,0,Active,Stream Beat
1866,1866,0,6de0,1,0,-6,1,1,0,Active,Stream Beat
1867,1867,0,62c5,1,0,-6,1,1,0,Active,Stream Beat
1868,1868,0,556b,1,0,-7,1,1,0,Active,Stream Beat
1869,1869,0,4621,1,0,-7,1,1,0,Active,Stream Beat
1870,1870,0,3541,1,0,-7,1,1,0,Active,Stream Beat
1871,1871,0,232a,1,0,-7,1,1,0,Active,Stream Beat
1872,1872,0,1048,1,0,-7,1,1,0,Active,Stream Beat
1873,1873,0,fd06,1,0,-7,1,1,0,Active,Stream Beat
1874,1874,0,e9d6,1,0,-7,1,1,0,Active,Stream Beat
1875,1875,0,d727,1,0,-6,1,1,0,Active,Stream Beat
1876,1876,0,c565,1,0,-5,1,1,0,Active,Stream Beat
1877,1877,0,b4f8,1,0,-4,1,1,0,Active,Stream Beat
1878,1878,0,a63e,1,0,-4,1,1,0,Active,Stream Beat
1879,1879,0,998e,1,0,-3,1,1,0,Active,Stream Beat
1880,1880,0,8f31,1,0,-2,1,1,0,Active,Stream Beat
1881,1881,0,8763,1,0,-1,1,1,0,Active,Stream Beat
1882,1882,0,8253,1,0,0,1,1,0,Active,Stream Beat
1883,1883,0,801c,1,0,1,1,1,0,Active,Stream Beat
1884,1884,0,80cc,1,0,2,1,1,0,Active,Stream Beat
1885,1885,0,845f,1,0,3,1,1,0,Active,Stream Beat
1886,1886,0,8ac0,1,0,4,1,1,0,Active,Stream Beat
1887,1887,0,93cb,1,0,4,1,1,0,Active,Stream Beat
1888,1888,0,9f4a,1,0,5,1,1,0,Active,Stream Beat
1889,1889,0,acfc,1,0,5,1,1,0,Active,Stream Beat
1890,1890,0,bc8f,1,0,6,1,1,0,Active,Stream Beat
1891,1891,0,cdaa,1,0,6,1,1,0,Active,Stream Beat
1892,1892,0,dfe9,1,0,6,1,1,0,Active,Stream Beat
1893,1893,0,f2e3,1,0,6,1,1,0,Active,Stream Beat
1894,1894,0,062a,1,0,5,1,1,0,Active,Stream Beat
1895,1895,0,194c,1,0,5,1,1,0,Active,Stream Beat
1896,1896,0,2bdb,1,0,4,1,1,0,Active,Stream Beat
1897,1897,0,3d6b,1,0,4,1,1,0,Active,Stream Beat
1898,1898,0,4d97,1,0,3,1,1,0,Active,Stream Beat
1899,1899,0,5c01,1,0,2,1,1,0,Active,Stream Beat
1900,1900,0,6853,1,0,1,1,1,0,Active,Stream Beat
1901,1901,0,7248,1,0,0,1,1,0,Active,Stream Beat
1902,1902,0,79a4,1,0,-1,1,1,0,Active,Stream Beat
1903,1903,0,7e3e,1,0,-2,1,1,0,Active,Stream Beat
1904,1904,0,7ffb,1,0,-3,1,1,0,Active,Stream Beat
1905,1905,0,7ecf,1,0,-4,1,1,0,Active,Stream Beat
1906,1906,0,7ac4,1,0,-5,1,1,0,Active,Stream Beat
1907,1907,0,73ef,1,0,-5,1,1,0,Active,Stream Beat
1908,1908,0,6a79,1,0,-6,1,1,0,Active,Stream Beat
1909,1909,0,5.00E+97,1,0,-7,1,1,0,Active,Stream Beat
1910,1910,0,5092,1,0,-7,1,1,0,Active,Stream Beat
1911,1911,0,40b6,1,0,-7,1,1,0,Active,Stream Beat
1912,1912,0,2f64,1,0,-7,1,1,0,Active,Stream Beat
1913,1913,0,1cfe,1,0,-7,1,1,0,Active,Stream Beat
1914,1914,0,09f0,1,0,-7,1,1,0,Active,Stream Beat
1915,1915,0,f6a9,1,0,-7,1,1,0,Active,Stream Beat
1916,1916,0,e397,1,0,-6,1,1,0,Active,Stream Beat
1917,1917,0,d12a,1,0,-6,1,1,0,Active,Stream Beat
1918,1918,0,bfce,1,0,-5,1,1,0,Active,Stream Beat
1919,1919,0,afe6,1,0,-4,1,1,0,Active,Stream Beat
1920,1920,0,a1cf,1,0,-3,1,1,0,Active,Stream Beat
1921,1921,0,95dd,1,0,-2,1,1,0,Active,Stream Beat
1922,1922,0,8c52,1,0,-1,1,1,0,Active,Stream Beat
1923,1923,0,8567,1,0,0,1,1,0,Active,Stream Beat
1924,1924,0,8146,1,0,1,1,1,0,Active,Stream Beat
1925,1925,0,8004,1,0,2,1,1,0,Active,Stream Beat
1926,1926,0,81a9,1,0,2,1,1,0,Active,Stream Beat
1927,1927,0,862d,1,0,3,1,1,0,Active,Stream Beat
1928,1928,0,8d74,1,0,4,1,1,0,Active,Stream Beat
1929,1929,0,9755,1,0,5,1,1,0,Active,Stream Beat
1930,1930,0,a396,1,0,5,1,1,0,Active,Stream Beat
1931,1931,0,b1ef,1,0,6,1,1,0,Active,Stream Beat
1932,1932,0,c20f,1,0,6,1,1,0,Active,Stream Beat
1933,1933,0,d396,1,0,6,1,1,0,Active,Stream Beat
1934,1934,0,e61e,1,0,6,1,1,0,Active,Stream Beat
1935,1935,0,f93e,1,0,6,1,1,0,Active,Stream Beat
1936,1936,0,0c85,1,0,5,1,1,0,Active,Stream Beat
1937,1937,0,1f83,1,0,5,1,1,0,Active,Stream Beat
1938,1938,0,31ca,1,0,4,1,1,0,Active,Stream Beat
1939,1939,0,42ef,1,0,3,1,1,0,Active,Stream Beat
1940,1940,0,5290,1,0,3,1,1,0,Active,Stream Beat
1941,1941,0,6051,1,0,2,1,1,0,Active,Stream Beat
1942,1942,0,6be2,1,0,1,1,1,0,Active,Stream Beat
1943,1943,0,7502,1,0,0,1,1,0,Active,Stream Beat
1944,1944,0,7b79,1,0,-1,1,1,0,Active,Stream Beat
1945,1945,0,7f22,1,0,-2,1,1,0,Active,Stream Beat
1946,1946,0,7fea,1,0,-3,1,1,0,Active,Stream Beat
1947,1947,0,7dca,1,0,-4,1,1,0,Active,Stream Beat
1948,1948,0,78cf,1,0,-5,1,1,0,Active,Stream Beat
1949,1949,0,7117,1,0,-6,1,1,0,Active,Stream Beat
1950,1950,0,66cd,1,0,-6,1,1,0,Active,Stream Beat
1951,1951,0,5a2e,1,0,-7,1,1,0,Active,Stream Beat
1952,1952,0,4b84,1,0,-7,1,1,0,Active,Stream Beat
1953,1953,0,3b23,1,0,-7,1,1,0,Active,Stream Beat
1954,1954,0,296a,1,0,-7,1,1,0,Active,Stream Beat
1955,1955,0,16c0,1,0,-7,1,1,0,Active,Stream Beat
1956,1956,0,393,1,0,-7,1,1,0,Active,Stream Beat
1957,1957,0,f050,1,0,-7,1,1,0,Active,Stream Beat
1958,1958,0,dd69,1,0,-6,1,1,0,Active,Stream Beat
1959,1959,0,cb4b,1,0,-6,1,1,0,Active,Stream Beat
1960,1960,0,ba5f,1,0,-5,1,1,0,Active,Stream Beat
1961,1961,0,ab07,1,0,-4,1,1,0,Active,Stream Beat
1962,1962,0,9d9d,1,0,-3,1,1,0,Active,Stream Beat
1963,1963,0,926e,1,0,-2,1,1,0,Active,Stream Beat
1964,1964,0,89bd,1,0,-1,1,1,0,Active,Stream Beat
1965,1965,0,83ba,1,0,0,1,1,0,Active,Stream Beat
1966,1966,0,8089,1,0,1,1,1,0,Active,Stream Beat
1967,1967,0,803d,1,0,2,1,1,0,Active,Stream Beat
1968,1968,0,82d7,1,0,3,1,1,0,Active,Stream Beat
1969,1969,0,8848,1,0,4,1,1,0,Active,Stream Beat
1970,1970,0,9070,1,0,4,1,1,0,Active,Stream Beat
1971,1971,0,9b21,1,0,5,1,1,0,Active,Stream Beat
1972,1972,0,a81b,1,0,5,1,1,0,Active,Stream Beat
1973,1973,0,b715,1,0,6,1,1,0,Active,Stream Beat
1974,1974,0,c7b5,1,0,6,1,1,0,Active,Stream Beat
1975,1975,0,d99d,1,0,6,1,1,0,Active,Stream Beat
1976,1976,0,ec65,1,0,6,1,1,0,Active,Stream Beat
1977,1977,0,ff9d,1,0,6,1,1,0,Active,Stream Beat
1978,1978,0,12d8,1,0,5,1,1,0,Active,Stream Beat
1979,1979,0,25a6,1,0,5,1,1,0,Active,Stream Beat
1980,1980,0,3799,1,0,4,1,1,0,Active,Stream Beat
1981,1981,0,4848,1,0,3,1,1,0,Active,Stream Beat
1982,1982,0,5754,1,0,2,1,1,0,Active,Stream Beat
1983,1983,0,6465,1,0,1,1,1,0,Active,Stream Beat
1984,1984,0,6f2e,1,0,0,1,1,0,Active,Stream Beat
1985,1985,0,7771,1,0,-1,1,1,0,Active,Stream Beat
1986,1986,0,7d00,1,0,-2,1,1,0,Active,Stream Beat
1987,1987,0,7fb7,1,0,-3,1,1,0,Active,Stream Beat
1988,1988,0,7f88,1,0,-4,1,1,0,Active,Stream Beat
1989,1989,0,7c75,1,0,-4,1,1,0,Active,Stream Beat
1990,1990,0,768e,1,0,-5,1,1,0,Active,Stream Beat
1991,1991,0,6df7,1,0,-6,1,1,0,Active,Stream Beat
1992,1992,0,6.20E+02,1,0,-6,1,1,0,Active,Stream Beat
1993,1993,0,558c,1,0,-7,1,1,0,Active,Stream Beat
1994,1994,0,4647,1,0,-7,1,1,0,Active,Stream Beat
1995,1995,0,3569,1,0,-7,1,1,0,Active,Stream Beat
1996,1996,0,2355,1,0,-7,1,1,0,Active,Stream Beat
1997,1997,0,1074,1,0,-7,1,1,0,Active,Stream Beat
1998,1998,0,fd33,1,0,-7,1,1,0,Active,Stream Beat
1999,1999,0,ea03,1,0,-7,1,1,0,Active,Stream Beat
2000,2000,0,d752,1,0,-6,1,1,0,Active,Stream Beat
2001,2001,0,c58d,1,0,-5,1,1,0,Active,Stream Beat
2002,2002,0,b51c,1,0,-5,1,1,0,Active,Stream Beat
2003,2003,0,a65e,1,0,-4,1,1,0,Active,Stream Beat
2004,2004,0,99a9,1,0,-3,1,1,0,Active,Stream Beat
2005,2005,0,8f47,1,0,-2,1,1,0,Active,Stream Beat
2006,2006,0,8772,1,0,-1,1,1,0,Active,Stream Beat
2007,2007,0,825c,1,0,0,1,1,0,Active,Stream Beat
2008,2008,0,801e,1,0,1,1,1,0,Active,Stream Beat
2009,2009,0,80c7,1,0,2,1,1,0,Active,Stream Beat
2010,2010,0,8454,1,0,3,1,1,0,Active,Stream Beat
2011,2011,0,8aae,1,0,4,1,1,0,Active,Stream Beat
2012,2012,0,93b4,1,0,4,1,1,0,Active,Stream Beat
2013,2013,0,9f2d,1,0,5,1,1,0,Active,Stream Beat
2014,2014,0,acda,1,0,5,1,1,0,Active,Stream Beat
2015,2015,0,bc68,1,0,6,1,1,0,Active,Stream Beat
2016,2016,0,cd80,1,0,6,1,1,0,Active,Stream Beat
2017,2017,0,dfbe,1,0,6,1,1,0,Active,Stream Beat
2018,2018,0,f2b6,1,0,6,1,1,0,Active,Stream Beat
2019,2019,0,05fd,1,0,5,1,1,0,Active,Stream Beat
2020,2020,0,1920,1,0,5,1,1,0,Active,Stream Beat
2021,2021,0,2bb0,1,0,4,1,1,0,Active,Stream Beat
2022,2022,0,3d44,1,0,4,1,1,0,Active,Stream Beat
2023,2023,0,4d74,1,0,3,1,1,0,Active,Stream Beat
2024,2024,0,5be2,1,0,2,1,1,0,Active,Stream Beat
2025,2025,0,6839,1,0,1,1,1,0,Active,Stream Beat
2026,2026,0,7233,1,0,0,1,1,0,Active,Stream Beat
2027,2027,0,7996,1,0,-1,1,1,0,Active,Stream Beat
2028,2028,0,7.00E+36,1,0,-2,1,1,0,Active,Stream Beat
2029,2029,0,7ff9,1,0,-3,1,1,0,Active,Stream Beat
2030,2030,0,7ed6,1,0,-4,1,1,0,Active,Stream Beat
2031,2031,0,7ad0,1,0,-5,1,1,0,Active,Stream Beat
2032,2032,0,7402,1,0,-5,1,1,0,Active,Stream Beat
2033,2033,0,6a92,1,0,-6,1,1,0,Active,Stream Beat
2034,2034,0,5eb6,1,0,-7,1,1,0,Active,Stream Beat
2035,2035,0,50b4,1,0,-7,1,1,0,Active,Stream Beat
2036,2036,0,40dd,1,0,-7,1,1,0,Active,Stream Beat
2037,2037,0,2f8e,1,0,-7,1,1,0,Active,Stream Beat
2038,2038,0,1d2a,1,0,-7,1,1,0,Active,Stream Beat
2039,2039,0,0a1d,1,0,-7,1,1,0,Active,Stream Beat
2040,2040,0,f6d5,1,0,-7,1,1,0,Active,Stream Beat
2041,2041,0,e3c2,1,0,-6,1,1,0,Active,Stream Beat
2042,2042,0,d154,1,0,-6,1,1,0,Active,Stream Beat
2043,2043,0,bff5,1,0,-5,1,1,0,Active,Stream Beat
2044,2044,0,b009,1,0,-4,1,1,0,Active,Stream Beat
2045,2045,0,a1ee,1,0,-3,1,1,0,Active,Stream Beat
2046,2046,0,95f6,1,0,-2,1,1,0,Active,Stream Beat
2047,2047,0,8c65,1,0,-1,1,1,0,Active,Stream Beat
